"","fp","pp","w"
"1"," Châteaumeillant","Alcolea del Río","1"
"2","Aachen","Itálica","1"
"3","Abbeville, environs","Doña Mencía","1"
"4","Abergavenny","Alcolea del Río","1"
"5","Acs-Vaspuszta","Haza del Olivo","1"
"6","Adelange","La Catria","1"
"7","Aiguillon","Arva","1"
"8","Alcalá del Río","Alcala del Río","1"
"9","Alghero","Las Delicias","1"
"10","Altkirch","huerta del río","1"
"11","Andard","La Catria","1"
"12","Annecy","Casa de Mingaobez","1"
"13","Antioch","Azanaque-Castillejo","1"
"14","Arbon","Villar Tesoro","1"
"15","Argentona","Azanaque-Castillejo","1"
"16","Arlempdes","Guadajoz","1"
"17","Astaffort","La Catria","1"
"18","Auerberg","Doña Mencía","1"
"19","Autun","Casa de Mingaobez","1"
"20","Baden-Baden","La Catria","1"
"21","Bambiderstroff","Las Valbuenas","1"
"22","Beckfoot","Arva","1"
"23","Bern","Itálica","1"
"24","Boscoreale","Las Delicias","1"
"25","Bourdeaux","Sevilla","1"
"26","Branston","Azanaque-Castillejo","1"
"27","Brive","Sevilla","1"
"28","Broughton","Manuel Nieto","1"
"29","Burghöfe","Alcolea del Río","1"
"30","Bury Saint Edmunds","La Catria","1"
"31","Caerphilly","La Catria","1"
"32","Calella","Itálica","1"
"33","Calpe","Malpica","1"
"34","Cambrai","huerta del río","1"
"35","Cap Corse","La Umbría de Moratalla","1"
"36","Capestang","Casa de Mingaobez (Este)","1"
"37","Carcassonne","El Temple","1"
"38","Castor","Las Delicias","1"
"39","Caudebec-en-Caux","Malpica","1"
"40","Cavalaire","La Catria","1"
"41","Chelmsford","Malpica Sur","1"
"42","Civitavecchia","Casa de Mingaobez (Este)","1"
"43","Corfe Mullen","Berro II","1"
"44","Coria del Río","Alcolea del Río","1"
"45","Cosa","Arva","1"
"46","Dalswinton","Malpica","1"
"47","Dampierre-en-Burly","Villar de Brenes","1"
"48","Derby","Villar de Brenes","1"
"49","Durhamshire","Alcolea del Río","1"
"50","Eincheville","huerta del río","1"
"51","Eining","Itálica","1"
"52","Eisenberg","Arva","1"
"53","Elne","La Catria","1"
"54","Ensch","Alcolea del Río","1"
"55","Ergnies","Juan Barba","1"
"56","Erice","La Catria","1"
"57","Étangs de Villepey","Arva","1"
"58","Etaples","Arva","1"
"59","Exning","Las Delicias","1"
"60","Eye","huerta del río","1"
"61","Faimingen","La Catria","1"
"62","Fellbach","El Tejarillo","1"
"63","Fishtoft","Azanaque-Castillejo","1"
"64","Fliessem","El Marchante","1"
"65","Forbach","Cerro de Arriza","1"
"66","Fort Vechten","El Marchante","1"
"67","Freisen","Alcolea del Río","1"
"68","Gelligaer","La Catria","1"
"69","Gheriat El-Garbia","El Judío","1"
"70","Gilsland","La Catria","1"
"71","Godmanchester","Villar de Brenes","1"
"72","Grantham","Itálica","1"
"73","Great Dunmow","Tarancón","1"
"74","Gremecey","Tierras del Judío","1"
"75","Groß-Umstadt","La Graja","1"
"76","Grostenquin","Las Delicias","1"
"77","Gruissan","Tierras del Judío","1"
"78","Habsheim","Malpica Sur","1"
"79","Hammamet","La Catria","1"
"80","Harfleur","Isla del Castillo","1"
"81","Haute-Goulaine","Itálica","1"
"82","Hengistbury Head","Cortijo del Romero","1"
"83","Heptonstall","Casa de Mingaobez","1"
"84","Hettange-Grande","Cerro de los Pesebres","1"
"85","Heuqueville","Villar de Brenes","1"
"86","Hexham","Alcolea del Río","1"
"87","Holt","huerta del río","1"
"88","Holybourne","Las Delicias","1"
"89","Honfleur","La Catria","1"
"90","Horbourg","Peñaflor","1"
"91","Hüchelhoven","Las Sesenta","1"
"92","Iles de Lerins (baie de Cannes)","Itálica","1"
"93","Kösching","Las Sesenta","1"
"94","La Franqui","Cortijo del Romero","1"
"95","La Guerche-sur-Aubois","Las Sesenta","1"
"96","Le Crotoy","Malpica Sur","1"
"97","Lectoure","Sevilla","1"
"98","Lelling","Malpica Sur","1"
"99","Les Andelys","Itálica","1"
"100","Les Rues des Vignes","Arva","1"
"101","Levroux","Las Sesenta","1"
"102","Lezhë","El Temple","1"
"103","Lezoux","La Catria","1"
"104","Libourne","Alcolea del Río","1"
"105","Liffol-le-Grand","Arva","1"
"106","Lison","Itálica","1"
"107","Liverpool","Las Sesenta","1"
"108","Llantwit Major","Castillo de Azanaque","1"
"109","Lunel-Viel","Dehesilla","1"
"110","Magalas","Huerta de Belén","1"
"111","Mailhac","Peñaflor","1"
"112","Malton","Itálica","1"
"113","Mannheim","Las Sesenta","1"
"114","Manta Rota","Cortijo del Romero","1"
"115","Maraussan","Alcolea del Río","1"
"116","Marseille","Malpica","1"
"117","Mèze","Las Delicias","1"
"118","Miltenberg","Malpica","1"
"119","Moers","El Mohino","1"
"120","Montayral","Alcolea del Río","1"
"121","Montbazin","Las Delicias","1"
"122","Morienval","Itálica","1"
"123","Naix-aux-forges","Casa de Mingaobez","1"
"124","Neuhausen auf den Fildern","El Tejarillo","1"
"125","Newport","Las Delicias","1"
"126","Nîmes","Arva","1"
"127","Northwich","La Mallena","1"
"128","Norton Disney","Las Delicias","1"
"129","Olten","La Catria","1"
"130","Ospringe","Itálica","1"
"131","Palau-del-Vidre","La Mallena","1"
"132","Passau","Arva","1"
"133","Penrith","Alcolea del Río","1"
"134","Périgueux","Los Villares","1"
"135","Petronell (Carnuntum)","Arva","1"
"136","Piercebridge","Las Delicias","1"
"137","Pomérols","El Pinzón","1"
"138","Porto Conte","Itálica","1"
"139","Puget-sur-Argens","Dehesa de Arriba","1"
"140","Rebecques","Cerro de los Pesebres","1"
"141","Rheinzabern","La Catria","1"
"142","Rocester","La Catria","1"
"143","Rosbach von der Höhe","Arva","1"
"144","Rubí","Dehesa de Arriba","1"
"145","Rudston","Las Delicias","1"
"146","Sabadell","Malpica","1"
"147","Sagunto","Arva","1"
"148","Saint-Gilles-du-Gard","La Catria","1"
"149","Saint-Satur","El Marchante","1"
"150","Sainte Catherine","Cerro de los Pesebres","1"
"151","Sainte-Bazeille","La Graja","1"
"152","Salchenried","El Judío","1"
"153","Salisbury","La Catria","1"
"154","San Fernando (Cádiz)","Azanaque-Castillejo","1"
"155","San Juan Despí","Arva","1"
"156","San Luis","Las Delicias","1"
"157","San Potito","Cerro de los Pesebres","1"
"158","Sancerre","Berro II","1"
"159","Sant Boi de Llobregat","Las Delicias","1"
"160","Sarre-Union","Villar de Brenes","1"
"161","Sarrebourg","Malpica","1"
"162","Schleitheim","Casa de Mingaobez","1"
"163","Schwaigern","Malpica","1"
"164","Scole","Arva","1"
"165","Seengen","Cerro de los Pesebres","1"
"166","Selby","Las Delicias","1"
"167","Sicilia","La Catria","1"
"168","Sitges","Cortijo del Romero","1"
"169","Sorcy","Itálica","1"
"170","Souk-el-Arba","Arva","1"
"171","Southend","Las Delicias","1"
"172","Speyer","Villar de Brenes","1"
"173","St.Genies","huerta del río","1"
"174","Stanwix","Alcolea del Río","1"
"175","Steene","Malpica Sur","1"
"176","Stettfeld","Peñaflor","1"
"177","Stoke Prior","Malpica","1"
"178","Tác","Mejía","1"
"179","Terrassa","Azanaque-Castillejo","1"
"180","Theilenhofen","Villaseca","1"
"181","Thérouanne","Malpica","1"
"182","Toft Newton","Las Delicias","1"
"183","Trôo","Las Delicias","1"
"184","Umbria","La Catria","1"
"185","Ungersheim","Malpica","1"
"186","Usk","Alcolea del Río","1"
"187","Valencia","Cortijo del Romero","1"
"188","Valras-Plage","huerta del río","1"
"189","Vendres","La Catria","1"
"190","Vercelli","Peñaflor","1"
"191","Vicenza","La Catria","1"
"192","Vichy","Alcolea del Río","1"
"193","Viladamat","huerta del río","1"
"194","Villeneuve-sur-Lot","Arva","1"
"195","Vorey","Arva","1"
"196","Wasserbillig","Itálica","1"
"197","Welzheim","La Catria","1"
"198","West Woodburn","Arva","1"
"199","Westmill","La Catria","1"
"200","winterthur","La Catria","1"
"201","Winterton","Itálica","1"
"202","Witham","Malpica","1"
"203","Zofingen","Casa de Mingaobez","1"
"204","Adenau","Azanaque-Castillejo","1"
"205","Adenau","Itálica","1"
"206","Alcácer do Sal?","Azanaque-Castillejo","1"
"207","Alcácer do Sal?","Sevilla","1"
"208","Aldborough","Arva","1"
"209","Aldborough","Peñaflor","1"
"210","Andance","La Catria","1"
"211","Andance","Las Valbuenas","1"
"212","Antibes","La Catria","1"
"213","Antibes","Los Guerras","1"
"214","Ardoch house","Alcolea del Río","1"
"215","Ardoch house","Azanaque-Castillejo","1"
"216","Bishopton","Alcolea del Río","1"
"217","Bishopton","El Tejarillo","1"
"218","Bled Takourart (Tocolosida)","Villar de Brenes","1"
"219","Bled Takourart (Tocolosida)","Sevilla","1"
"220","Bo'ness","Arva","1"
"221","Bo'ness","Huerta de Belén","1"
"222","Boulogne","La Catria","1"
"223","Boulogne","Malpica","1"
"224","Brachy","Arva","1"
"225","Brachy","Las Delicias","1"
"226","Brumath","Itálica","1"
"227","Brumath","Las Sesenta","1"
"228","Caersws","Villar de Brenes","1"
"229","Caersws","huerta del río","1"
"230","Cagny","Tarancón","1"
"231","Cagny","Las Valbuenas","1"
"232","Castlecary","Itálica","1"
"233","Castlecary","Doña Mencía","1"
"234","Château-Thierry","La Catria","1"
"235","Château-Thierry","Malpica","1"
"236","Choloy","Las Delicias","2"
"237","Daventry","Itálica","2"
"238","Deneuvre","Itálica","1"
"239","Deneuvre","Casa de Mingaobez","1"
"240","Dieulouard","La Catria","1"
"241","Dieulouard","Sevilla","1"
"242","Dover","La Catria","1"
"243","Dover","Peñaflor","1"
"244","Evreux","Las Delicias","1"
"245","Evreux","Tierras del Judío","1"
"246","Eynsford","Itálica","1"
"247","Eynsford","Malpica Sur","1"
"248","Gernsheim","La Catria","1"
"249","Gernsheim","Casa de Mingaobez","1"
"250","Great Chesters","Arva","1"
"251","Great Chesters","huerta del río","1"
"252","Harnes","Malpica","2"
"253","Heerlen","Las Delicias","1"
"254","Heerlen","huerta del río","1"
"255","Hüfingen","La Catria","1"
"256","Hüfingen","Haza del Olivo","1"
"257","Koblenz","Villar de Brenes","1"
"258","Koblenz","La Mallena","1"
"259","Koestlach","Malpica","1"
"260","Koestlach","La Graja","1"
"261","Lamta","Huerta de Belén","1"
"262","Lamta","Villaseca","1"
"263","Lancaster","Alcolea del Río","1"
"264","Lancaster","Malpica Sur","1"
"265","Lansargues","La Catria","1"
"266","Lansargues","Alcolea del Río","1"
"267","Le Barroux","La Catria","1"
"268","Le Barroux","Álamo Alto","1"
"269","Le Caylar","Alcolea del Río","1"
"270","Le Caylar","El Temple","1"
"271","Llafranc","Villar de Brenes","1"
"272","Llafranc","Sevilla","1"
"273","Lleida","Arva","1"
"274","Lleida","El Tejarillo","1"
"275","Mairena del Alcor","Arva","1"
"276","Mairena del Alcor","Dehesa de Arriba","1"
"277","Montargis","El Judío","2"
"278","Musselburgh","Tarancón","1"
"279","Musselburgh","Las Valbuenas","1"
"280","Neckarrems","Villar de Brenes","1"
"281","Neckarrems","Guadajoz","1"
"282","Neumagen","Alcolea del Río","1"
"283","Neumagen","El Tejarillo","1"
"284","Oderzo","Tarancón","1"
"285","Oderzo","Las Valbuenas","1"
"286","Öhringen","La Catria","1"
"287","Öhringen","Itálica","1"
"288","Old Kilpatrick","Alcolea del Río","1"
"289","Old Kilpatrick","El Tejarillo","1"
"290","Pîtres","Malpica","1"
"291","Pîtres","Itálica","1"
"292","Pula","Itálica","2"
"293","Remagen","Las Delicias","1"
"294","Remagen","Itálica","1"
"295","Risstissen","Alcolea del Río","1"
"296","Risstissen","La Umbría de Moratalla","1"
"297","Riudoms","La Catria","2"
"298","Saint Paulien","La Catria","1"
"299","Saint Paulien","El Temple","1"
"300","Saint Raphael","Isla del Castillo","1"
"301","Saint Raphael","Las Ánimas","1"
"302","Sallèles","Malpica","1"
"303","Sallèles","El Temple","1"
"304","Sea Mills","Las Delicias","1"
"305","Sea Mills","huerta del río","1"
"306","Servian","Malpica","1"
"307","Servian","El Sotillo","1"
"308","Stolberg","Las Delicias","1"
"309","Stolberg","huerta del río","1"
"310","Stuttgart","El Judío","1"
"311","Stuttgart","Las Valbuenas","1"
"312","Sulz am Neckar","Azanaque-Castillejo","1"
"313","Sulz am Neckar","Casa del Encinarejo Bajo","1"
"314","Tayside","La Catria","1"
"315","Tayside","La Graja","1"
"316","Toulon","Dehesilla","1"
"317","Toulon","La Estrella","1"
"318","Ubbergen","La Catria","1"
"319","Ubbergen","Las Sesenta","1"
"320","Unterkirchberg","Alcolea del Río","1"
"321","Unterkirchberg","Sevilla","1"
"322","Verneuil-en-Halatte","La Catria","1"
"323","Verneuil-en-Halatte","La Graja","1"
"324","Villajoyosa","Guadajoz","2"
"325","Villeneuve-lès-Béziers","Arva","1"
"326","Villeneuve-lès-Béziers","Huerta de Belén","1"
"327","Weißenthurm","Alcotrista","1"
"328","Weißenthurm","La Reina","1"
"329","Wien","La Catria","1"
"330","Wien","Itálica","1"
"331","Wijk bij Duurstede","El Mohino","2"
"332","Worcester","Arva","1"
"333","Worcester","Huerta de Belén","1"
"334","Agde","La Catria","1"
"335","Agde","Peñaflor","1"
"336","Agde","Itálica","1"
"337","Athens","Arva","2"
"338","Athens","La Mallena","1"
"339","Bad Kreuznach","Arva","1"
"340","Bad Kreuznach","Las Delicias","1"
"341","Bad Kreuznach","Las Monjas","1"
"342","Bearsden","La Catria","1"
"343","Bearsden","Alcolea del Río","2"
"344","Beauvais","La Catria","1"
"345","Beauvais","Sevilla","1"
"346","Beauvais","El Sotillo","1"
"347","Bingen","Las Delicias","2"
"348","Bingen","Malpica Sur","1"
"349","Birrens","La Catria","1"
"350","Birrens","Alcolea del Río","1"
"351","Birrens","Cerro de los Pesebres","1"
"352","Bishop Auckland","Itálica","1"
"353","Bishop Auckland","Isla del Castillo","1"
"354","Bishop Auckland","Las Ánimas","1"
"355","Bourbon-Lancy","La Catria","1"
"356","Bourbon-Lancy","Cerro de los Pesebres","1"
"357","Bourbon-Lancy","Malpica","1"
"358","Bourges","Azanaque-Castillejo","1"
"359","Bourges","Castillo de Azanaque","1"
"360","Bourges","El Mohino","1"
"361","Butzbach","Malpica","1"
"362","Butzbach","Peñaflor","1"
"363","Butzbach","El Judío","1"
"364","Caudebec-lès-Elbeuf","Arva","1"
"365","Caudebec-lès-Elbeuf","Las Delicias","1"
"366","Caudebec-lès-Elbeuf","El Judío","1"
"367","Denia","Alcolea del Río","1"
"368","Denia","Las Delicias","1"
"369","Denia","Sevilla","1"
"370","Doncaster","Alcolea del Río","1"
"371","Doncaster","Villar Tesoro","1"
"372","Doncaster","Mejía","1"
"373","Fishbourne","La Catria","2"
"374","Fishbourne","Huerta de Belén","1"
"375","Formentera","Guadajoz","1"
"376","Formentera","Cortijo de Paladés (Este) (Cortijo de Sotomayor)","1"
"377","Formentera","Cortijo de San José (Norte)","1"
"378","Gaujac","La Catria","1"
"379","Gaujac","Peñaflor","1"
"380","Gaujac","Sevilla","1"
"381","Hochtaunuskreis","Arva","1"
"382","Hochtaunuskreis","El Tejarillo","1"
"383","Hochtaunuskreis","Las Monjas","1"
"384","Lengnau","La Catria","1"
"385","Lengnau","Arva","2"
"386","Lisboa","La Catria","2"
"387","Lisboa","Los Villares","1"
"388","Lixus","Arva","2"
"389","Lixus","huerta del río","1"
"390","Manchester","Alcolea del Río","1"
"391","Manchester","Villar Tesoro","1"
"392","Manchester","Mejía","1"
"393","Minorca","Alcolea del Río","1"
"394","Minorca","Itálica","2"
"395","Rabat","Guadajoz","1"
"396","Rabat","Villar Tesoro","1"
"397","Rabat","Los Villares","1"
"398","Rezé","Guadajoz","1"
"399","Rezé","Juan Barba","1"
"400","Rezé","Adelfa","1"
"401","Roanne","La Catria","1"
"402","Roanne","Álamo Alto","1"
"403","Roanne","Los Mochales","1"
"404","Rommerskirchen","Las Delicias","1"
"405","Rommerskirchen","Azanaque-Castillejo","1"
"406","Rommerskirchen","Itálica","1"
"407","Sardegna","Sevilla","1"
"408","Sardegna","Las Sesenta","1"
"409","Sardegna","Los Guerras","1"
"410","Sens","Malpica","1"
"411","Sens","Álamo Alto","1"
"412","Sens","Los Mochales","1"
"413","Sète","La Catria","1"
"414","Sète","Las Delicias","1"
"415","Sète","Itálica","1"
"416","Sidi Ali Ben Ahmed","La Catria","1"
"417","Sidi Ali Ben Ahmed","Peñaflor","1"
"418","Sidi Ali Ben Ahmed","Madueño","1"
"419","Sleaford","La Catria","1"
"420","Sleaford","Peñaflor","1"
"421","Sleaford","La Corregidora","1"
"422","Straubing","Alcolea del Río","2"
"423","Straubing","Sevilla","1"
"424","Tanger (Tingi)","La Catria","2"
"425","Tanger (Tingi)","Dehesa de Arriba","1"
"426","Weissenburg in Bayern","Malpica","1"
"427","Weissenburg in Bayern","Peñaflor","1"
"428","Weissenburg in Bayern","Villaseca","1"
"429","Alphen aan den Rijn","Cerro de los Pesebres","1"
"430","Alphen aan den Rijn","Peñaflor","1"
"431","Alphen aan den Rijn","Villar de Brenes","1"
"432","Alphen aan den Rijn","Malpica Sur","1"
"433","Bad Ems","Arva","1"
"434","Bad Ems","Alcolea del Río","2"
"435","Bad Ems","huerta del río","1"
"436","Bordeaux","Guadajoz","1"
"437","Bordeaux","La María","1"
"438","Bordeaux","Juan Barba","1"
"439","Bordeaux","Adelfa","1"
"440","Brecon","La Catria","1"
"441","Brecon","Arva","1"
"442","Brecon","huerta del río","2"
"443","Chartres","Alcolea del Río","1"
"444","Chartres","Las Delicias","1"
"445","Chartres","Las Sesenta","1"
"446","Chartres","Casa de Mingaobez","1"
"447","Chesterford","Arva","2"
"448","Chesterford","Las Delicias","2"
"449","Fourvière","La Catria","1"
"450","Fourvière","Arva","1"
"451","Fourvière","Azanaque-Castillejo","1"
"452","Fourvière","Casa de Mingaobez","1"
"453","Hainstadt","Arva","1"
"454","Hainstadt","Alcolea del Río","1"
"455","Hainstadt","El Tejarillo","1"
"456","Hainstadt","Tostoneras","1"
"457","Hanau","La Catria","1"
"458","Hanau","Alcolea del Río","1"
"459","Hanau","huerta del río","1"
"460","Hanau","Las Sesenta","1"
"461","Hérault","Cerro de los Pesebres","1"
"462","Hérault","Sevilla","1"
"463","Hérault","El Judío","2"
"464","Hofheim am Taunus","Las Delicias","1"
"465","Hofheim am Taunus","Azanaque-Castillejo","3"
"466","Lacroix-Saint-Ouen","Alcolea del Río","1"
"467","Lacroix-Saint-Ouen","Las Delicias","1"
"468","Lacroix-Saint-Ouen","Barranco del Picacho","1"
"469","Lacroix-Saint-Ouen","Itálica","1"
"470","Le Mas-d'Agenais","Sevilla","2"
"471","Le Mas-d'Agenais","Itálica","1"
"472","Le Mas-d'Agenais","El Pinzón","1"
"473","Martigny","La Catria","1"
"474","Martigny","Arva","1"
"475","Martigny","Las Delicias","1"
"476","Martigny","Peñaflor","1"
"477","Nantes","Arva","1"
"478","Nantes","Las Delicias","1"
"479","Nantes","Malpica","2"
"480","Neuenheim","Alcolea del Río","1"
"481","Neuenheim","Peñaflor","1"
"482","Neuenheim","Sevilla","1"
"483","Neuenheim","La Estacada","1"
"484","Orléans","La Catria","1"
"485","Orléans","Malpica","1"
"486","Orléans","Sevilla","1"
"487","Orléans","La Mallena","1"
"488","Padova","Arva","2"
"489","Padova","Tarancón","2"
"490","Perpignan","Tostoneras","1"
"491","Perpignan","Malpica","2"
"492","Perpignan","Peñaflor","1"
"493","Pithiviers-le-Veil","Arva","1"
"494","Pithiviers-le-Veil","Alcolea del Río","1"
"495","Pithiviers-le-Veil","El Tejarillo","1"
"496","Pithiviers-le-Veil","Tostoneras","1"
"497","Ptuj","Azanaque-Castillejo","2"
"498","Ptuj","Villar Tesoro","2"
"499","Reus","Arva","2"
"500","Reus","El Temple","2"
"501","Saint-Etienne-Roilaye","La Catria","1"
"502","Saint-Etienne-Roilaye","Arva","1"
"503","Saint-Etienne-Roilaye","Malpica","1"
"504","Saint-Etienne-Roilaye","Huerta de Belén","1"
"505","Sauvian","Arva","1"
"506","Sauvian","Guadajoz","1"
"507","Sauvian","Villar Tesoro","1"
"508","Sauvian","Los Villares","1"
"509","Sierentz","Alcolea del Río","1"
"510","Sierentz","Malpica","1"
"511","Sierentz","Sevilla","1"
"512","Sierentz","Berro II","1"
"513","Solothurn","La Catria","1"
"514","Solothurn","Arva","1"
"515","Solothurn","Las Sesenta","1"
"516","Solothurn","Casa de Mingaobez","1"
"517","Southampton","Guadajoz","1"
"518","Southampton","Juan Barba","1"
"519","Southampton","Adelfa","1"
"520","Southampton","Casa de Mingaobez","1"
"521","Tarragona","La Catria","2"
"522","Tarragona","El Tejarillo","1"
"523","Tarragona","La Umbría de Moratalla","1"
"524","Tutbury","Arva","1"
"525","Tutbury","Alcolea del Río","1"
"526","Tutbury","El Tejarillo","1"
"527","Tutbury","Tostoneras","1"
"528","Vinkocvi","Las Delicias","2"
"529","Vinkocvi","Isla del Castillo","1"
"530","Vinkocvi","Las Ánimas","1"
"531","Walldürn","Arva","1"
"532","Walldürn","Alcolea del Río","1"
"533","Walldürn","El Tejarillo","1"
"534","Walldürn","Tostoneras","1"
"535","Altenstadt","Arva","1"
"536","Altenstadt","Malpica","2"
"537","Altenstadt","Villar de Brenes","1"
"538","Altenstadt","La Mallena","1"
"539","Altkalkar","Sevilla","1"
"540","Altkalkar","Guadajoz","1"
"541","Altkalkar","Alcotrista","1"
"542","Altkalkar","Juan Barba","1"
"543","Altkalkar","Adelfa","1"
"544","Badalona","El Judío","2"
"545","Badalona","Tarancón","1"
"546","Badalona","El Mohino","2"
"547","Caerhûn","La Catria","1"
"548","Caerhûn","Cerro de los Pesebres","1"
"549","Caerhûn","Azanaque-Castillejo","1"
"550","Caerhûn","Sevilla","1"
"551","Caerhûn","Casa del Guarda o Llano","1"
"552","Caernarfon","Malpica","1"
"553","Caernarfon","Sevilla","1"
"554","Caernarfon","huerta del río","1"
"555","Caernarfon","La María","1"
"556","Caernarfon","Juan Barba","1"
"557","Canterbury","La Catria","1"
"558","Canterbury","Arva","1"
"559","Canterbury","Alcolea del Río","1"
"560","Canterbury","El Tejarillo","1"
"561","Canterbury","Huerta de Belén","1"
"562","Chur","La Catria","1"
"563","Chur","Arva","1"
"564","Chur","Sevilla","1"
"565","Chur","Tarancón","1"
"566","Chur","Las Valbuenas","1"
"567","Friedberg","La Catria","1"
"568","Friedberg","Arva","1"
"569","Friedberg","El Tejarillo","1"
"570","Friedberg","Malpica","1"
"571","Friedberg","Las Sesenta","1"
"572","Günzburg","Arva","1"
"573","Günzburg","huerta del río","1"
"574","Günzburg","Las Sesenta","2"
"575","Günzburg","La Catria Alta","1"
"576","Ilchester","La Catria","1"
"577","Ilchester","Arva","1"
"578","Ilchester","Alcolea del Río","1"
"579","Ilchester","El Tejarillo","1"
"580","Ilchester","Tostoneras","1"
"581","Montmaurin","Arva","1"
"582","Montmaurin","Alcolea del Río","1"
"583","Montmaurin","El Tejarillo","1"
"584","Montmaurin","Tostoneras","1"
"585","Montmaurin","El Tesoro","1"
"586","Port-Vendres","La Catria","4"
"587","Port-Vendres","Alcolea del Río","1"
"588","Rottenburg","La Catria","2"
"589","Rottenburg","Alcolea del Río","1"
"590","Rottenburg","Las Delicias","1"
"591","Rottenburg","Malpica","1"
"592","South Shields","La Catria","1"
"593","South Shields","Arva","2"
"594","South Shields","Peñaflor","1"
"595","South Shields","Alcotrista","1"
"596","Szöny","Las Delicias","1"
"597","Szöny","Barranco del Picacho","1"
"598","Szöny","Dehesilla","1"
"599","Szöny","La Estrella","1"
"600","Szöny","Casablanca Oeste","1"
"601","Vendeuil-Caply","Arva","1"
"602","Vendeuil-Caply","Alcolea del Río","1"
"603","Vendeuil-Caply","Malpica","1"
"604","Vendeuil-Caply","Villar Tesoro","1"
"605","Vendeuil-Caply","Mejía","1"
"606","Watercrook","Sevilla","1"
"607","Watercrook","Itálica","1"
"608","Watercrook","Dehesilla","1"
"609","Watercrook","La Estrella","1"
"610","Watercrook","Las Sesenta","1"
"611","Winchester","La Catria","2"
"612","Winchester","Arva","1"
"613","Winchester","Las Delicias","1"
"614","Winchester","Casa del Guarda o Llano","1"
"615","Xanten","La Catria","1"
"616","Xanten","Las Delicias","1"
"617","Xanten","Malpica","1"
"618","Xanten","Peñaflor","1"
"619","Xanten","Sevilla","1"
"620","Agen","La Catria","1"
"621","Agen","Arva","1"
"622","Agen","Guadajoz","1"
"623","Agen","Las Sesenta","1"
"624","Agen","Juan Barba","1"
"625","Agen","Adelfa","1"
"626","Baden","Alcolea del Río","1"
"627","Baden","Las Delicias","1"
"628","Baden","Sevilla","1"
"629","Baden","Malpica Sur","1"
"630","Baden","El Temple","1"
"631","Baden","El Mohino","1"
"632","Boulogne-sur-Mer","La Catria","2"
"633","Boulogne-sur-Mer","Las Delicias","1"
"634","Boulogne-sur-Mer","Malpica","1"
"635","Boulogne-sur-Mer","Sevilla","1"
"636","Boulogne-sur-Mer","Malpica Sur","1"
"637","Forêt de la Compiègne","Arva","1"
"638","Forêt de la Compiègne","Alcolea del Río","1"
"639","Forêt de la Compiègne","El Tejarillo","1"
"640","Forêt de la Compiègne","Tostoneras","1"
"641","Forêt de la Compiègne","Las Sesenta","1"
"642","Forêt de la Compiègne","La Rambla y El Acebuchal","1"
"643","Fos-Sur-Mer","Azanaque-Castillejo","1"
"644","Fos-Sur-Mer","El Sotillo","1"
"645","Fos-Sur-Mer","El Judío","2"
"646","Fos-Sur-Mer","Dehesa de Arriba","1"
"647","Fos-Sur-Mer","La Mallena","1"
"648","La Buisse","La Catria","2"
"649","La Buisse","Azanaque-Castillejo","1"
"650","La Buisse","Peñaflor","1"
"651","La Buisse","Las Sesenta","1"
"652","La Buisse","La Catria Alta","1"
"653","Liberchies","Malpica","2"
"654","Liberchies","Peñaflor","1"
"655","Liberchies","Villar de Brenes","1"
"656","Liberchies","Itálica","1"
"657","Liberchies","Dehesa de Arriba","1"
"658","Loughor","Arva","1"
"659","Loughor","Alcolea del Río","1"
"660","Loughor","Azanaque-Castillejo","3"
"661","Loughor","Villar Tesoro","1"
"662","Oberflorstadt","Arva","1"
"663","Oberflorstadt","Alcolea del Río","1"
"664","Oberflorstadt","El Tejarillo","1"
"665","Oberflorstadt","Tostoneras","1"
"666","Oberflorstadt","Cerro de los Pesebres","1"
"667","Oberflorstadt","El Marchante","1"
"668","Peyrestortes","La Catria","1"
"669","Peyrestortes","Arva","1"
"670","Peyrestortes","Peñaflor","1"
"671","Peyrestortes","Sevilla","2"
"672","Peyrestortes","Lora la Vieja","1"
"673","Saintes","La Catria","1"
"674","Saintes","Arva","1"
"675","Saintes","Alcolea del Río","3"
"676","Saintes","Isla del Castillo","1"
"677","Santa Pola","El Tejarillo","1"
"678","Santa Pola","Cerro de los Pesebres","1"
"679","Santa Pola","Las Sesenta","1"
"680","Santa Pola","Isla del Castillo","1"
"681","Santa Pola","Mejía","1"
"682","Santa Pola","El Judío","1"
"683","Soissons","Arva","1"
"684","Soissons","Alcolea del Río","1"
"685","Soissons","El Tejarillo","1"
"686","Soissons","Tostoneras","1"
"687","Soissons","Itálica","1"
"688","Soissons","Malpica Sur","1"
"689","Tortona","Alcolea del Río","1"
"690","Tortona","Alcotrista","1"
"691","Tortona","Las Sesenta","1"
"692","Tortona","Isla del Castillo","1"
"693","Tortona","Las Ánimas","1"
"694","Tortona","El Marchante","1"
"695","Walheim","El Tejarillo","1"
"696","Walheim","Las Delicias","1"
"697","Walheim","Malpica","2"
"698","Walheim","Peñaflor","1"
"699","Walheim","huerta del río","1"
"700","Barcelona","Arva","1"
"701","Barcelona","Alcolea del Río","1"
"702","Barcelona","Las Delicias","2"
"703","Barcelona","Sevilla","3"
"704","Charente-Maritime","Arva","1"
"705","Charente-Maritime","Alcolea del Río","1"
"706","Charente-Maritime","El Tejarillo","1"
"707","Charente-Maritime","Tostoneras","1"
"708","Charente-Maritime","Alcotrista","1"
"709","Charente-Maritime","Isla del Castillo","1"
"710","Charente-Maritime","Las Ánimas","1"
"711","Housesteads","Alcolea del Río","2"
"712","Housesteads","Las Delicias","2"
"713","Housesteads","Azanaque-Castillejo","1"
"714","Housesteads","Sevilla","1"
"715","Housesteads","huerta del río","1"
"716","Murviel-lès-Montpellier","La Catria","1"
"717","Murviel-lès-Montpellier","Arva","1"
"718","Murviel-lès-Montpellier","Sevilla","1"
"719","Murviel-lès-Montpellier","huerta del río","1"
"720","Murviel-lès-Montpellier","El Temple","1"
"721","Murviel-lès-Montpellier","Álamo Alto","1"
"722","Murviel-lès-Montpellier","La Rambla y El Acebuchal","1"
"723","Nyon","Barranco del Picacho","1"
"724","Nyon","Dehesilla","1"
"725","Nyon","La Estrella","1"
"726","Nyon","Las Sesenta","1"
"727","Nyon","Villaseca","1"
"728","Nyon","Casa de Mingaobez","1"
"729","Nyon","Berro II","1"
"730","Ribchester","La Catria","3"
"731","Ribchester","Malpica","2"
"732","Ribchester","Casa de Mingaobez","2"
"733","Rodez","Arva","1"
"734","Rodez","Malpica","3"
"735","Rodez","Peñaflor","1"
"736","Rodez","Alcotrista","1"
"737","Rodez","Alcala del Río","1"
"738","Seville","Arva","2"
"739","Seville","Alcolea del Río","1"
"740","Seville","Las Delicias","1"
"741","Seville","Itálica","1"
"742","Seville","Las Monjas","1"
"743","Seville","Cerro de los Vuelos","1"
"744","Tours","Arva","1"
"745","Tours","Sevilla","1"
"746","Tours","huerta del río","2"
"747","Tours","Huerta de Belén","1"
"748","Tours","Los Guerras","1"
"749","Tours","Casa de Mingaobez","1"
"750","Tróia","La Catria","1"
"751","Tróia","Arva","1"
"752","Tróia","Alcolea del Río","1"
"753","Tróia","El Tejarillo","1"
"754","Tróia","Tostoneras","1"
"755","Tróia","Itálica","1"
"756","Tróia","El Judío","1"
"757","Alzey","La Catria","2"
"758","Alzey","Las Delicias","2"
"759","Alzey","Malpica","1"
"760","Alzey","Los Guerras","1"
"761","Alzey","Tierras del Judío","1"
"762","Alzey","La Estacada","1"
"763","Bar Hill","La Catria","1"
"764","Bar Hill","Alcolea del Río","1"
"765","Bar Hill","El Tejarillo","1"
"766","Bar Hill","Villar de Brenes","1"
"767","Bar Hill","Itálica","1"
"768","Bar Hill","Guadajoz","1"
"769","Bar Hill","Juan Barba","1"
"770","Bar Hill","Adelfa","1"
"771","Caerwent","La Catria","1"
"772","Caerwent","Arva","1"
"773","Caerwent","Alcolea del Río","2"
"774","Caerwent","Villar de Brenes","1"
"775","Caerwent","Alcotrista","1"
"776","Caerwent","Haza del Olivo","1"
"777","Caerwent","El Marchante","1"
"778","Mandeure","La Catria","2"
"779","Mandeure","Arva","1"
"780","Mandeure","Las Delicias","1"
"781","Mandeure","Villar de Brenes","1"
"782","Mandeure","huerta del río","1"
"783","Mandeure","Castillo de Azanaque","1"
"784","Mandeure","El Marchante","1"
"785","Regensburg","La Catria","3"
"786","Regensburg","Malpica","3"
"787","Regensburg","huerta del río","1"
"788","Regensburg","La Mallena","1"
"789","Sidi Ali ben ahmed (Thamusida)","La Catria","3"
"790","Sidi Ali ben ahmed (Thamusida)","Peñaflor","1"
"791","Sidi Ali ben ahmed (Thamusida)","Villar de Brenes","1"
"792","Sidi Ali ben ahmed (Thamusida)","Sevilla","1"
"793","Sidi Ali ben ahmed (Thamusida)","Alcotrista","1"
"794","Sidi Ali ben ahmed (Thamusida)","Madueño","1"
"795","Budapest","La Catria","1"
"796","Budapest","Arva","2"
"797","Budapest","Alcolea del Río","1"
"798","Budapest","Las Delicias","1"
"799","Budapest","Barranco del Picacho","1"
"800","Budapest","Dehesilla","1"
"801","Budapest","La Estrella","1"
"802","Budapest","La María","1"
"803","Cahors","La Catria","2"
"804","Cahors","Arva","2"
"805","Cahors","Sevilla","1"
"806","Cahors","Guadajoz","1"
"807","Cahors","Las Sesenta","1"
"808","Cahors","Juan Barba","1"
"809","Cahors","Adelfa","1"
"810","Château Rousillon","La Catria","1"
"811","Château Rousillon","Arva","1"
"812","Château Rousillon","Malpica","1"
"813","Château Rousillon","Peñaflor","1"
"814","Château Rousillon","Sevilla","4"
"815","Château Rousillon","Lora la Vieja","1"
"816","Isla de Cabrera","Arva","4"
"817","Isla de Cabrera","Alcolea del Río","1"
"818","Isla de Cabrera","El Tejarillo","2"
"819","Isla de Cabrera","Tostoneras","1"
"820","Isla de Cabrera","Itálica","1"
"821","Koenigshoffen","La Catria","2"
"822","Koenigshoffen","Arva","1"
"823","Koenigshoffen","Alcolea del Río","1"
"824","Koenigshoffen","El Tejarillo","1"
"825","Koenigshoffen","Tostoneras","1"
"826","Koenigshoffen","Azanaque-Castillejo","1"
"827","Koenigshoffen","El Sotillo","1"
"828","Koenigshoffen","Casa del Guarda o Llano","1"
"829","Stockstadt am Main","La Catria","2"
"830","Stockstadt am Main","Alcolea del Río","1"
"831","Stockstadt am Main","Malpica","2"
"832","Stockstadt am Main","huerta del río","1"
"833","Stockstadt am Main","Guadajoz","1"
"834","Stockstadt am Main","Villar Tesoro","1"
"835","Stockstadt am Main","El Judío","1"
"836","Titelberg","Arva","1"
"837","Titelberg","Alcolea del Río","2"
"838","Titelberg","El Tejarillo","1"
"839","Titelberg","Tostoneras","1"
"840","Titelberg","Malpica","1"
"841","Titelberg","Itálica","1"
"842","Titelberg","Guadajoz","1"
"843","Titelberg","El Marchante","1"
"844","Chicester","La Catria","1"
"845","Chicester","Alcolea del Río","2"
"846","Chicester","Las Delicias","1"
"847","Chicester","Malpica","2"
"848","Chicester","Peñaflor","1"
"849","Chicester","Sevilla","3"
"850","Falkirk","La Catria","3"
"851","Falkirk","Arva","1"
"852","Falkirk","Alcolea del Río","3"
"853","Falkirk","Peñaflor","1"
"854","Falkirk","huerta del río","1"
"855","Falkirk","Huerta de Belén","1"
"856","Ilkley","La Catria","2"
"857","Ilkley","Arva","1"
"858","Ilkley","Alcolea del Río","1"
"859","Ilkley","Las Delicias","2"
"860","Ilkley","Cerro de los Pesebres","1"
"861","Ilkley","Huerta de Belén","1"
"862","Ilkley","Las Sesenta","1"
"863","Ilkley","Madueño","1"
"864","Lattes","La Catria","3"
"865","Lattes","Arva","1"
"866","Lattes","Las Delicias","1"
"867","Lattes","Peñaflor","2"
"868","Lattes","Alcotrista","1"
"869","Lattes","Las Sesenta","1"
"870","Lattes","El Pinzón","1"
"871","Newstead","La Catria","2"
"872","Newstead","Alcolea del Río","4"
"873","Newstead","El Tejarillo","1"
"874","Newstead","Peñaflor","1"
"875","Newstead","La Corregidora","1"
"876","Newstead","El Temple","1"
"877","Peñaflor","La Catria","2"
"878","Peñaflor","Peñaflor","6"
"879","Peñaflor","La Botica","1"
"880","Peñaflor","La Coscoja","1"
"881","Saint-Marcel","La Catria","1"
"882","Saint-Marcel","Arva","1"
"883","Saint-Marcel","Alcolea del Río","2"
"884","Saint-Marcel","Malpica","1"
"885","Saint-Marcel","Itálica","1"
"886","Saint-Marcel","El Marchante","2"
"887","Saint-Marcel","Lora la Vieja","1"
"888","Saint-Marcel","Casa del Guarda o Llano","1"
"889","Saint-Romain-de-Jalionas","La Catria","2"
"890","Saint-Romain-de-Jalionas","Alcolea del Río","1"
"891","Saint-Romain-de-Jalionas","Alcotrista","1"
"892","Saint-Romain-de-Jalionas","Las Sesenta","3"
"893","Saint-Romain-de-Jalionas","Isla del Castillo","1"
"894","Saint-Romain-de-Jalionas","Las Ánimas","1"
"895","Saint-Romain-de-Jalionas","La Ramblilla","1"
"896","Southwark","La Catria","2"
"897","Southwark","Cerro de los Pesebres","1"
"898","Southwark","Azanaque-Castillejo","1"
"899","Southwark","Peñaflor","1"
"900","Southwark","Sevilla","1"
"901","Southwark","Malpica Sur","1"
"902","Southwark","El Temple","1"
"903","Southwark","Dehesa de Arriba","1"
"904","Southwark","Madre Vieja II","1"
"905","Warrington","La Catria","1"
"906","Warrington","Arva","1"
"907","Warrington","Cerro de los Pesebres","1"
"908","Warrington","Peñaflor","1"
"909","Warrington","La Corregidora","1"
"910","Warrington","Villar Tesoro","1"
"911","Warrington","Tarancón","1"
"912","Warrington","Las Valbuenas","1"
"913","Warrington","El Marchante","1"
"914","Warrington","Madueño","1"
"915","Angers","La Catria","1"
"916","Angers","Arva","4"
"917","Angers","Alcolea del Río","1"
"918","Angers","El Tejarillo","2"
"919","Angers","Las Delicias","1"
"920","Angers","Tostoneras","1"
"921","Angers","Itálica","1"
"922","Bad Wimpfen","La Catria","1"
"923","Bad Wimpfen","Cerro de los Pesebres","1"
"924","Bad Wimpfen","Malpica","1"
"925","Bad Wimpfen","Villacisneros","1"
"926","Bad Wimpfen","Itálica","1"
"927","Bad Wimpfen","Isla del Castillo","2"
"928","Bad Wimpfen","Las Ánimas","2"
"929","Bad Wimpfen","El Judío","1"
"930","Bad Wimpfen","Villaseca","1"
"931","Chesters","La Catria","1"
"932","Chesters","Arva","3"
"933","Chesters","Alcolea del Río","1"
"934","Chesters","El Tejarillo","1"
"935","Chesters","Las Delicias","2"
"936","Chesters","Tostoneras","1"
"937","Chesters","Itálica","1"
"938","Chesters","Las Sesenta","1"
"939","Hedelbergen","La Catria","3"
"940","Hedelbergen","Arva","2"
"941","Hedelbergen","El Tejarillo","1"
"942","Hedelbergen","Malpica","2"
"943","Hedelbergen","Sevilla","1"
"944","Hedelbergen","El Marchante","1"
"945","Hedelbergen","La Mallena","1"
"946","Neuss","La Catria","4"
"947","Neuss","Arva","1"
"948","Neuss","Las Delicias","1"
"949","Neuss","Peñaflor","2"
"950","Neuss","huerta del río","1"
"951","Neuss","Itálica","1"
"952","Neuss","El Marchante","1"
"953","Newcastle upon Tyne","Arva","3"
"954","Newcastle upon Tyne","Las Delicias","4"
"955","Newcastle upon Tyne","Malpica","1"
"956","Newcastle upon Tyne","Peñaflor","1"
"957","Newcastle upon Tyne","Huerta de Belén","1"
"958","Newcastle upon Tyne","Castillo de Azanaque","1"
"959","Poitiers","La Catria","2"
"960","Poitiers","Arva","2"
"961","Poitiers","Alcolea del Río","2"
"962","Poitiers","Sevilla","1"
"963","Poitiers","Huerta de Belén","1"
"964","Poitiers","Castillo de Azanaque","1"
"965","Poitiers","La María","1"
"966","Poitiers","Berro II","1"
"967","Bregenz","La Catria","3"
"968","Bregenz","Arva","1"
"969","Bregenz","Alcolea del Río","1"
"970","Bregenz","Peñaflor","1"
"971","Bregenz","Villar de Brenes","1"
"972","Bregenz","huerta del río","1"
"973","Bregenz","Guadajoz","1"
"974","Bregenz","El Judío","1"
"975","Bregenz","Lora la Vieja","1"
"976","Bregenz","El Mohino","1"
"977","Dieburg","La Catria","5"
"978","Dieburg","Arva","1"
"979","Dieburg","Alcolea del Río","1"
"980","Dieburg","El Tejarillo","1"
"981","Dieburg","Las Delicias","1"
"982","Dieburg","huerta del río","1"
"983","Dieburg","Isla del Castillo","1"
"984","Dieburg","Las Ánimas","1"
"985","Köngen","La Catria","2"
"986","Köngen","Alcolea del Río","2"
"987","Köngen","Malpica","1"
"988","Köngen","Azanaque-Castillejo","1"
"989","Köngen","Sevilla","1"
"990","Köngen","Castillo de Azanaque","2"
"991","Köngen","Las Valbuenas","1"
"992","Köngen","La Catria Alta","2"
"993","Saint-Ulrich","Arva","1"
"994","Saint-Ulrich","Alcolea del Río","2"
"995","Saint-Ulrich","El Tejarillo","1"
"996","Saint-Ulrich","Las Delicias","1"
"997","Saint-Ulrich","Tostoneras","1"
"998","Saint-Ulrich","Malpica","1"
"999","Saint-Ulrich","Azanaque-Castillejo","1"
"1000","Saint-Ulrich","Villar Tesoro","1"
"1001","Saint-Ulrich","Mejía","1"
"1002","Saint-Ulrich","Juan Barba","1"
"1003","Saint-Ulrich","La Umbría de Moratalla","1"
"1004","Sainte-Colombe","Alcolea del Río","6"
"1005","Sainte-Colombe","La Corregidora","1"
"1006","Sainte-Colombe","Sevilla","2"
"1007","Sainte-Colombe","Itálica","1"
"1008","Sainte-Colombe","Casa de Mingaobez","2"
"1009","Arras","La Catria","3"
"1010","Arras","Alcolea del Río","1"
"1011","Arras","Cerro de los Pesebres","1"
"1012","Arras","Peñaflor","1"
"1013","Arras","huerta del río","1"
"1014","Arras","Alcotrista","1"
"1015","Arras","Malpica Sur","1"
"1016","Arras","Isla del Castillo","1"
"1017","Arras","Las Ánimas","1"
"1018","Arras","El Judío","1"
"1019","Arras","Madre Vieja II","1"
"1020","Cap de Creus","La Catria","1"
"1021","Cap de Creus","Arva","1"
"1022","Cap de Creus","El Tejarillo","1"
"1023","Cap de Creus","Malpica","1"
"1024","Cap de Creus","Guadajoz","2"
"1025","Cap de Creus","El Temple","2"
"1026","Cap de Creus","Juan Barba","2"
"1027","Cap de Creus","Adelfa","2"
"1028","Cap de Creus","Azanaque-Catsillejo","1"
"1029","Split","Huerta de Belén","4"
"1030","Split","Haza del Olivo","1"
"1031","Split","La María","2"
"1032","Split","La Estacada","6"
"1033","Bishopbriggs","La Catria","3"
"1034","Bishopbriggs","Alcolea del Río","5"
"1035","Bishopbriggs","El Tejarillo","3"
"1036","Bishopbriggs","Azanaque-Castillejo","1"
"1037","Bishopbriggs","Villar de Brenes","2"
"1038","Exeter","La Catria","5"
"1039","Exeter","Arva","1"
"1040","Exeter","Alcolea del Río","1"
"1041","Exeter","Cerro de los Pesebres","1"
"1042","Exeter","Peñaflor","1"
"1043","Exeter","Sevilla","2"
"1044","Exeter","Villar Tesoro","1"
"1045","Exeter","Mejía","1"
"1046","Exeter","Los Guerras","1"
"1047","Großkrotzenburg","La Catria","1"
"1048","Großkrotzenburg","Arva","3"
"1049","Großkrotzenburg","Alcolea del Río","4"
"1050","Großkrotzenburg","El Tejarillo","3"
"1051","Großkrotzenburg","Tostoneras","3"
"1052","Mainz-Kastel","La Catria","1"
"1053","Mainz-Kastel","Arva","1"
"1054","Mainz-Kastel","Alcolea del Río","1"
"1055","Mainz-Kastel","El Tejarillo","1"
"1056","Mainz-Kastel","Las Delicias","2"
"1057","Mainz-Kastel","Tostoneras","1"
"1058","Mainz-Kastel","Malpica","1"
"1059","Mainz-Kastel","Peñaflor","1"
"1060","Mainz-Kastel","huerta del río","1"
"1061","Mainz-Kastel","Itálica","1"
"1062","Mainz-Kastel","Guadajoz","1"
"1063","Mainz-Kastel","Alcotrista","1"
"1064","Mainz-Kastel","Las Valbuenas","1"
"1065","Toulouse","La Catria","6"
"1066","Toulouse","Arva","3"
"1067","Toulouse","Azanaque-Castillejo","1"
"1068","Toulouse","Peñaflor","1"
"1069","Toulouse","Sevilla","2"
"1070","Toulouse","Casa del Encinarejo Bajo","1"
"1071","Toulouse","Tierras del Judío","1"
"1072","Brenes","Villar de Brenes","14"
"1073","Brenes","La Mallena","2"
"1074","Leicester","La Catria","2"
"1075","Leicester","Alcolea del Río","1"
"1076","Leicester","El Tejarillo","1"
"1077","Leicester","Malpica","1"
"1078","Leicester","huerta del río","2"
"1079","Leicester","Alcotrista","1"
"1080","Leicester","Isla del Castillo","1"
"1081","Leicester","Las Ánimas","1"
"1082","Leicester","El Temple","1"
"1083","Leicester","Haza del Olivo","2"
"1084","Leicester","La María","1"
"1085","Leicester","La Graja","1"
"1086","Leicester","El Marchante","1"
"1087","Bad Cannstatt","La Catria","2"
"1088","Bad Cannstatt","Alcolea del Río","3"
"1089","Bad Cannstatt","El Tejarillo","3"
"1090","Bad Cannstatt","Cerro de los Pesebres","1"
"1091","Bad Cannstatt","Villar de Brenes","1"
"1092","Bad Cannstatt","huerta del río","1"
"1093","Bad Cannstatt","Dehesilla","1"
"1094","Bad Cannstatt","Alcotrista","1"
"1095","Bad Cannstatt","Isla del Castillo","1"
"1096","Bad Cannstatt","Las Ánimas","1"
"1097","Bad Cannstatt","La María","1"
"1098","Bad Cannstatt","Madueño","1"
"1099","Biesheim","La Catria","2"
"1100","Biesheim","Arva","2"
"1101","Biesheim","Alcolea del Río","2"
"1102","Biesheim","El Tejarillo","1"
"1103","Biesheim","Las Delicias","1"
"1104","Biesheim","Tostoneras","1"
"1105","Biesheim","Cerro de los Pesebres","1"
"1106","Biesheim","Villar de Brenes","1"
"1107","Biesheim","Las Sesenta","1"
"1108","Biesheim","Malpica Sur","1"
"1109","Biesheim","El Temple","2"
"1110","Biesheim","La Graja","1"
"1111","Biesheim","La Ramblilla","1"
"1112","Hofheim","La Catria","4"
"1113","Hofheim","Alcolea del Río","2"
"1114","Hofheim","Malpica","2"
"1115","Hofheim","Azanaque-Castillejo","2"
"1116","Hofheim","Peñaflor","3"
"1117","Hofheim","Sevilla","1"
"1118","Hofheim","Huerta de Belén","1"
"1119","Hofheim","Casa del Encinarejo Bajo","1"
"1120","Hofheim","La Catria Alta","1"
"1121","Metz","La Catria","2"
"1122","Metz","Arva","2"
"1123","Metz","Alcolea del Río","2"
"1124","Metz","Las Delicias","1"
"1125","Metz","Malpica","2"
"1126","Metz","Villacisneros","1"
"1127","Metz","huerta del río","4"
"1128","Metz","Villar Tesoro","2"
"1129","Metz","Mejía","1"
"1130","Alise-Sainte-Reine","La Catria","3"
"1131","Alise-Sainte-Reine","Arva","2"
"1132","Alise-Sainte-Reine","Alcolea del Río","3"
"1133","Alise-Sainte-Reine","Azanaque-Castillejo","1"
"1134","Alise-Sainte-Reine","Sevilla","2"
"1135","Alise-Sainte-Reine","Itálica","1"
"1136","Alise-Sainte-Reine","Huerta de Belén","1"
"1137","Alise-Sainte-Reine","Malpica Sur","2"
"1138","Alise-Sainte-Reine","El Temple","1"
"1139","Alise-Sainte-Reine","El Marchante","1"
"1140","Alise-Sainte-Reine","Madueño","1"
"1141","Alise-Sainte-Reine","Lora la Vieja","1"
"1142","Ehl","La Catria","2"
"1143","Ehl","Arva","5"
"1144","Ehl","Alcolea del Río","3"
"1145","Ehl","Las Delicias","1"
"1146","Ehl","Azanaque-Castillejo","1"
"1147","Ehl","Sevilla","1"
"1148","Ehl","Huerta de Belén","1"
"1149","Ehl","Malpica Sur","1"
"1150","Ehl","Lora la Vieja","1"
"1151","Ehl","Manuel Nieto","1"
"1152","Ehl","La Estacada","1"
"1153","Ehl","Cortijo Nuevo","1"
"1154","Trier","Arva","1"
"1155","Trier","Alcolea del Río","4"
"1156","Trier","El Tejarillo","2"
"1157","Trier","Las Delicias","2"
"1158","Trier","Malpica","2"
"1159","Trier","Peñaflor","2"
"1160","Trier","Villar de Brenes","1"
"1161","Trier","Sevilla","1"
"1162","Trier","huerta del río","3"
"1163","Trier","Alcotrista","1"
"1164","Lincoln","La Catria","3"
"1165","Lincoln","Arva","3"
"1166","Lincoln","Alcolea del Río","2"
"1167","Lincoln","El Tejarillo","1"
"1168","Lincoln","Las Delicias","2"
"1169","Lincoln","Tostoneras","1"
"1170","Lincoln","Peñaflor","1"
"1171","Lincoln","Sevilla","1"
"1172","Lincoln","Itálica","1"
"1173","Lincoln","Huerta de Belén","1"
"1174","Lincoln","Alcotrista","1"
"1175","Lincoln","Villar Tesoro","1"
"1176","Lincoln","Malpica Sur","1"
"1177","Lincoln","Mejía","1"
"1178","Wiesbaden","Arva","2"
"1179","Wiesbaden","Alcolea del Río","1"
"1180","Wiesbaden","El Tejarillo","1"
"1181","Wiesbaden","Tostoneras","1"
"1182","Wiesbaden","Malpica","1"
"1183","Wiesbaden","Sevilla","2"
"1184","Wiesbaden","Itálica","3"
"1185","Wiesbaden","Huerta de Belén","1"
"1186","Wiesbaden","Isla del Castillo","1"
"1187","Wiesbaden","Las Ánimas","1"
"1188","Wiesbaden","El Rodriguillo","1"
"1189","Wiesbaden","El Judío","1"
"1190","Wiesbaden","Villaseca","1"
"1191","Wiesbaden","Álamo Alto","1"
"1192","Wiesbaden","El Marchante","1"
"1193","Wiesbaden","Los Mochales","1"
"1194","Bliesbrück","La Catria","3"
"1195","Bliesbrück","Alcolea del Río","4"
"1196","Bliesbrück","Azanaque-Castillejo","2"
"1197","Bliesbrück","Peñaflor","1"
"1198","Bliesbrück","Villar de Brenes","2"
"1199","Bliesbrück","Itálica","1"
"1200","Bliesbrück","Villar Tesoro","1"
"1201","Bliesbrück","Castillo de Azanaque","1"
"1202","Bliesbrück","Mejía","1"
"1203","Bliesbrück","Haza del Olivo","1"
"1204","Bliesbrück","Berro II","1"
"1205","Bliesbrück","La Ramblilla","2"
"1206","Bliesbrück","La Estacada","1"
"1207","Vertault","La Catria","7"
"1208","Vertault","Arva","1"
"1209","Vertault","Alcolea del Río","1"
"1210","Vertault","Cerro de los Pesebres","2"
"1211","Vertault","Sevilla","1"
"1212","Vertault","huerta del río","1"
"1213","Vertault","Malpica Sur","1"
"1214","Vertault","Dehesa de Arriba","1"
"1215","Vertault","Álamo Alto","1"
"1216","Vertault","La Graja","1"
"1217","Vertault","Casa de Mingaobez (Este)","1"
"1218","Vertault","Las Monjas","1"
"1219","Vertault","Madueño","1"
"1220","Vertault","Cruz Verde","1"
"1221","Arles","Arva","1"
"1222","Arles","Alcolea del Río","3"
"1223","Arles","Malpica","2"
"1224","Arles","Azanaque-Castillejo","1"
"1225","Arles","Villar de Brenes","1"
"1226","Arles","Sevilla","3"
"1227","Arles","huerta del río","3"
"1228","Arles","Villar Tesoro","1"
"1229","Arles","Malpica Sur","1"
"1230","Arles","Mejía","1"
"1231","Arles","Las Ánimas","1"
"1232","Arles","La Umbría de Moratalla","1"
"1233","Arles","La Graja","1"
"1234","Arles","Casa del Encinarejo Bajo","1"
"1235","Arles","Casa de Mingaobez","1"
"1236","Carlisle","La Catria","4"
"1237","Carlisle","Arva","1"
"1238","Carlisle","Alcolea del Río","6"
"1239","Carlisle","Las Delicias","1"
"1240","Carlisle","Cerro de los Pesebres","2"
"1241","Carlisle","Malpica","1"
"1242","Carlisle","Villar de Brenes","1"
"1243","Carlisle","Malpica Sur","2"
"1244","Carlisle","Mejía","1"
"1245","Carlisle","El Judío","1"
"1246","Carlisle","La Graja","2"
"1247","Mâcon","La Catria","4"
"1248","Mâcon","Arva","1"
"1249","Mâcon","Malpica","3"
"1250","Mâcon","Peñaflor","1"
"1251","Mâcon","Alcotrista","3"
"1252","Mâcon","Las Sesenta","1"
"1253","Mâcon","Isla del Castillo","3"
"1254","Mâcon","Las Ánimas","3"
"1255","Mâcon","El Judío","1"
"1256","Mâcon","Juan Barba","1"
"1257","Mâcon","La Rambla y El Acebuchal","1"
"1258","Palma del Río","Arva","1"
"1259","Palma del Río","Cerro de los Pesebres","4"
"1260","Palma del Río","Huerta de Belén","1"
"1261","Palma del Río","Cortijo del Romero","1"
"1262","Palma del Río","La Graja","3"
"1263","Palma del Río","Madueño","9"
"1264","Palma del Río","El Pinzón","2"
"1265","Palma del Río","El Portillo","2"
"1266","Ladenburg (Lopodunum)","Alcolea del Río","1"
"1267","Ladenburg (Lopodunum)","Las Delicias","2"
"1268","Ladenburg (Lopodunum)","Cerro de los Pesebres","1"
"1269","Ladenburg (Lopodunum)","Malpica","2"
"1270","Ladenburg (Lopodunum)","Peñaflor","1"
"1271","Ladenburg (Lopodunum)","Villar de Brenes","3"
"1272","Ladenburg (Lopodunum)","Sevilla","1"
"1273","Ladenburg (Lopodunum)","Las Sesenta","1"
"1274","Ladenburg (Lopodunum)","Villar Tesoro","1"
"1275","Ladenburg (Lopodunum)","Isla del Castillo","1"
"1276","Ladenburg (Lopodunum)","Mejía","1"
"1277","Ladenburg (Lopodunum)","Las Ánimas","1"
"1278","Ladenburg (Lopodunum)","La María","1"
"1279","Ladenburg (Lopodunum)","Cortijo del Romero","2"
"1280","Ladenburg (Lopodunum)","La Graja","1"
"1281","Ladenburg (Lopodunum)","Madueño","1"
"1282","Ladenburg (Lopodunum)","El Mohino","1"
"1283","Ladenburg (Lopodunum)","Cruz Verde","1"
"1284","Ladenburg (Lopodunum)","El Tesoro","1"
"1285","Posadas","Cerro de los Pesebres","2"
"1286","Posadas","Barranco del Picacho","7"
"1287","Posadas","Villacisneros","2"
"1288","Posadas","Dehesilla","6"
"1289","Posadas","La Estrella","6"
"1290","Posadas","Casa de Mingaobez","1"
"1291","Kempten","La Catria","4"
"1292","Kempten","Arva","2"
"1293","Kempten","El Tejarillo","1"
"1294","Kempten","Las Delicias","2"
"1295","Kempten","Cerro de los Pesebres","1"
"1296","Kempten","Malpica","1"
"1297","Kempten","Azanaque-Castillejo","1"
"1298","Kempten","Peñaflor","1"
"1299","Kempten","Sevilla","2"
"1300","Kempten","huerta del río","1"
"1301","Kempten","Alcotrista","1"
"1302","Kempten","Las Sesenta","1"
"1303","Kempten","Malpica Sur","1"
"1304","Kempten","Los Guerras","1"
"1305","Kempten","Haza del Olivo","1"
"1306","Kempten","La María","1"
"1307","Kempten","Berro II","1"
"1308","Kempten","La Ramblilla","1"
"1309","Kempten","El Mohino","1"
"1310","Santiponce","Arva","2"
"1311","Santiponce","Azanaque-Castillejo","1"
"1312","Santiponce","Villar de Brenes","2"
"1313","Santiponce","La Corregidora","1"
"1314","Santiponce","Itálica","8"
"1315","Santiponce","Guadajoz","1"
"1316","Santiponce","Villar Tesoro","1"
"1317","Santiponce","Malpica Sur","1"
"1318","Santiponce","Mejía","2"
"1319","Santiponce","El Judío","2"
"1320","Santiponce","Tarancón","1"
"1321","Santiponce","Las Valbuenas","1"
"1322","Santiponce","Álamo Alto","1"
"1323","Santiponce","Los Villares","1"
"1324","Alicante","La Catria","13"
"1325","Alicante","Cerro de los Pesebres","1"
"1326","Alicante","Barranco del Picacho","3"
"1327","Alicante","Dehesilla","3"
"1328","Alicante","La Estrella","3"
"1329","Alicante","Huerta de Belén","1"
"1330","Alicante","El Mohino","1"
"1331","Alicante","Casa del Guarda o Llano","1"
"1332","Rheinhessen","La Catria","5"
"1333","Rheinhessen","Arva","1"
"1334","Rheinhessen","Alcolea del Río","3"
"1335","Rheinhessen","Las Delicias","2"
"1336","Rheinhessen","Cerro de los Pesebres","1"
"1337","Rheinhessen","Peñaflor","1"
"1338","Rheinhessen","Villar de Brenes","2"
"1339","Rheinhessen","huerta del río","2"
"1340","Rheinhessen","Itálica","1"
"1341","Rheinhessen","Alcotrista","1"
"1342","Rheinhessen","Las Sesenta","1"
"1343","Rheinhessen","Tarancón","1"
"1344","Rheinhessen","Las Valbuenas","1"
"1345","Rheinhessen","Casa de Mingaobez","1"
"1346","Rheinhessen","Madueño","1"
"1347","Rheinhessen","El Pinzón","1"
"1348","Rheinhessen","El Portillo","1"
"1349","Bavay","La Catria","2"
"1350","Bavay","Arva","2"
"1351","Bavay","Alcolea del Río","6"
"1352","Bavay","El Tejarillo","2"
"1353","Bavay","Las Delicias","2"
"1354","Bavay","Cerro de los Pesebres","1"
"1355","Bavay","Malpica","3"
"1356","Bavay","Villar de Brenes","1"
"1357","Bavay","Sevilla","1"
"1358","Bavay","huerta del río","1"
"1359","Bavay","Itálica","1"
"1360","Bavay","Cortijo del Romero","2"
"1361","Bavay","La Graja","2"
"1362","Bavay","Tierras del Judío","1"
"1363","Grand","La Catria","3"
"1364","Grand","Arva","3"
"1365","Grand","Alcolea del Río","5"
"1366","Grand","El Tejarillo","3"
"1367","Grand","Las Delicias","2"
"1368","Grand","Tostoneras","3"
"1369","Grand","Malpica","2"
"1370","Grand","Villar de Brenes","1"
"1371","Grand","Villacisneros","1"
"1372","Grand","huerta del río","1"
"1373","Grand","Itálica","1"
"1374","Grand","Huerta de Belén","1"
"1375","Grand","Tierras del Judío","2"
"1376","Rouen","La Catria","4"
"1377","Rouen","Arva","3"
"1378","Rouen","Alcolea del Río","3"
"1379","Rouen","El Tejarillo","2"
"1380","Rouen","Las Delicias","2"
"1381","Rouen","Tostoneras","1"
"1382","Rouen","Malpica","1"
"1383","Rouen","Villar de Brenes","2"
"1384","Rouen","Barranco del Picacho","1"
"1385","Rouen","Sevilla","1"
"1386","Rouen","Itálica","2"
"1387","Rouen","Dehesilla","1"
"1388","Rouen","La Estrella","1"
"1389","Rouen","Huerta de Belén","1"
"1390","Rouen","Malpica Sur","1"
"1391","Rouen","El Judío","1"
"1392","Rouen","La Rambla y El Acebuchal","1"
"1393","Bonn","La Catria","2"
"1394","Bonn","Arva","5"
"1395","Bonn","Alcolea del Río","3"
"1396","Bonn","El Tejarillo","3"
"1397","Bonn","Las Delicias","4"
"1398","Bonn","Tostoneras","2"
"1399","Bonn","Cerro de los Pesebres","1"
"1400","Bonn","Malpica","2"
"1401","Bonn","Azanaque-Castillejo","2"
"1402","Bonn","huerta del río","1"
"1403","Bonn","Itálica","1"
"1404","Bonn","Huerta de Belén","1"
"1405","Bonn","Casa de Mingaobez","1"
"1406","Bonn","El Pinzón","1"
"1407","Caerleon","La Catria","4"
"1408","Caerleon","Arva","6"
"1409","Caerleon","Alcolea del Río","6"
"1410","Caerleon","El Tejarillo","2"
"1411","Caerleon","Las Delicias","1"
"1412","Caerleon","Tostoneras","1"
"1413","Caerleon","Azanaque-Castillejo","1"
"1414","Caerleon","Peñaflor","1"
"1415","Caerleon","Villar de Brenes","2"
"1416","Caerleon","Malpica Sur","1"
"1417","Caerleon","Castillo de Azanaque","1"
"1418","Caerleon","Haza del Olivo","1"
"1419","Caerleon","El Pinzón","1"
"1420","Caerleon","Cerro de Arriza","1"
"1421","Salé (Sala)","La Catria","3"
"1422","Salé (Sala)","Arva","5"
"1423","Salé (Sala)","Alcolea del Río","1"
"1424","Salé (Sala)","Las Delicias","1"
"1425","Salé (Sala)","Azanaque-Castillejo","1"
"1426","Salé (Sala)","Villar de Brenes","5"
"1427","Salé (Sala)","Barranco del Picacho","2"
"1428","Salé (Sala)","Sevilla","5"
"1429","Salé (Sala)","Guadajoz","1"
"1430","Salé (Sala)","Dehesilla","1"
"1431","Salé (Sala)","Huerta de Belén","1"
"1432","Salé (Sala)","Haza del Olivo","1"
"1433","Salé (Sala)","Cortijo del Romero","1"
"1434","Salé (Sala)","El Marchante","1"
"1435","Silchester","La Catria","8"
"1436","Silchester","Arva","3"
"1437","Silchester","Alcolea del Río","4"
"1438","Silchester","El Tejarillo","3"
"1439","Silchester","Las Delicias","5"
"1440","Silchester","Tostoneras","1"
"1441","Silchester","huerta del río","1"
"1442","Silchester","Alcotrista","1"
"1443","Silchester","Las Sesenta","1"
"1444","Silchester","Malpica Sur","1"
"1445","Silchester","Mejía","1"
"1446","Windisch","La Catria","7"
"1447","Windisch","Arva","1"
"1448","Windisch","Malpica","1"
"1449","Windisch","Azanaque-Castillejo","1"
"1450","Windisch","Peñaflor","1"
"1451","Windisch","La Corregidora","1"
"1452","Windisch","Sevilla","3"
"1453","Windisch","huerta del río","1"
"1454","Windisch","Las Sesenta","1"
"1455","Windisch","Los Guerras","2"
"1456","Windisch","Haza del Olivo","1"
"1457","Windisch","Dehesa de Arriba","2"
"1458","Windisch","La María","1"
"1459","Windisch","Tarancón","2"
"1460","Windisch","Las Valbuenas","1"
"1461","Windisch","Casa de Mingaobez","1"
"1462","Windisch","El Mohino","1"
"1463","Windisch","Madre Vieja II","1"
"1464","St. Albans","La Catria","3"
"1465","St. Albans","Arva","4"
"1466","St. Albans","Alcolea del Río","2"
"1467","St. Albans","Las Delicias","3"
"1468","St. Albans","Peñaflor","2"
"1469","St. Albans","Sevilla","1"
"1470","St. Albans","Itálica","2"
"1471","St. Albans","Huerta de Belén","1"
"1472","St. Albans","Las Sesenta","1"
"1473","St. Albans","Villar Tesoro","1"
"1474","St. Albans","El Judío","1"
"1475","St. Albans","La María","3"
"1476","St. Albans","Tarancón","1"
"1477","St. Albans","Doña Mencía","1"
"1478","St. Albans","El Marchante","1"
"1479","St. Albans","Berro II","2"
"1480","St. Albans","Manuel Nieto","1"
"1481","Voorburg","Arva","5"
"1482","Voorburg","Alcolea del Río","3"
"1483","Voorburg","El Tejarillo","2"
"1484","Voorburg","Las Delicias","2"
"1485","Voorburg","Tostoneras","2"
"1486","Voorburg","Malpica","2"
"1487","Voorburg","Azanaque-Castillejo","2"
"1488","Voorburg","Villar de Brenes","2"
"1489","Voorburg","huerta del río","1"
"1490","Voorburg","Itálica","1"
"1491","Voorburg","Guadajoz","1"
"1492","Voorburg","Isla del Castillo","2"
"1493","Voorburg","Las Ánimas","2"
"1494","Voorburg","El Judío","1"
"1495","Voorburg","Las Monjas","2"
"1496","Abernethy","La Catria","1"
"1497","Abernethy","Arva","5"
"1498","Abernethy","Alcolea del Río","5"
"1499","Abernethy","El Tejarillo","5"
"1500","Abernethy","Las Delicias","8"
"1501","Abernethy","Tostoneras","5"
"1502","Abernethy","Alcotrista","2"
"1503","Genève","La Catria","9"
"1504","Genève","Alcolea del Río","2"
"1505","Genève","Las Delicias","1"
"1506","Genève","Peñaflor","5"
"1507","Genève","Sevilla","3"
"1508","Genève","huerta del río","1"
"1509","Genève","Las Sesenta","2"
"1510","Genève","Haza del Olivo","1"
"1511","Genève","La María","1"
"1512","Genève","Cortijo del Romero","1"
"1513","Genève","Berro II","1"
"1514","Genève","La Mallena","1"
"1515","Genève","El Mohino","1"
"1516","Genève","La Rambla y El Acebuchal","1"
"1517","Genève","Casa del Guarda o Llano","1"
"1518","Groß-Gerau","La Catria","3"
"1519","Groß-Gerau","Arva","3"
"1520","Groß-Gerau","Alcolea del Río","4"
"1521","Groß-Gerau","El Tejarillo","1"
"1522","Groß-Gerau","Las Delicias","1"
"1523","Groß-Gerau","Tostoneras","1"
"1524","Groß-Gerau","Cerro de los Pesebres","2"
"1525","Groß-Gerau","Villar de Brenes","1"
"1526","Groß-Gerau","Sevilla","2"
"1527","Groß-Gerau","huerta del río","1"
"1528","Groß-Gerau","Itálica","1"
"1529","Groß-Gerau","Huerta de Belén","1"
"1530","Groß-Gerau","Alcotrista","1"
"1531","Groß-Gerau","Las Sesenta","2"
"1532","Groß-Gerau","Villar Tesoro","1"
"1533","Groß-Gerau","Malpica Sur","1"
"1534","Groß-Gerau","El Temple","1"
"1535","Groß-Gerau","La Graja","1"
"1536","Groß-Gerau","Casa de Mingaobez","1"
"1537","Groß-Gerau","Manuel Nieto","1"
"1538","Groß-Gerau","La Estacada","1"
"1539","Worms","La Catria","3"
"1540","Worms","Arva","2"
"1541","Worms","Alcolea del Río","2"
"1542","Worms","Malpica","1"
"1543","Worms","Villar de Brenes","2"
"1544","Worms","Guadajoz","3"
"1545","Worms","Huerta de Belén","1"
"1546","Worms","Alcotrista","1"
"1547","Worms","Las Sesenta","2"
"1548","Worms","Villar Tesoro","1"
"1549","Worms","Castillo de Azanaque","1"
"1550","Worms","Isla del Castillo","1"
"1551","Worms","Mejía","1"
"1552","Worms","El Sotillo","2"
"1553","Worms","Las Ánimas","1"
"1554","Worms","El Judío","1"
"1555","Worms","La María","2"
"1556","Worms","Doña Mencía","1"
"1557","Worms","Berro II","2"
"1558","Worms","La Mallena","1"
"1559","Almodóvar del Río","Barranco del Picacho","1"
"1560","Almodóvar del Río","Dehesilla","1"
"1561","Almodóvar del Río","Huerta de Belén","1"
"1562","Almodóvar del Río","El Sotillo","11"
"1563","Almodóvar del Río","El Temple","4"
"1564","Almodóvar del Río","Villaseca","1"
"1565","Almodóvar del Río","Cortijo Nuevo","2"
"1566","Almodóvar del Río","Guadiato","11"
"1567","Nuits-Saint-Georges","La Catria","7"
"1568","Nuits-Saint-Georges","Alcolea del Río","2"
"1569","Nuits-Saint-Georges","Las Delicias","2"
"1570","Nuits-Saint-Georges","Cerro de los Pesebres","2"
"1571","Nuits-Saint-Georges","Malpica","3"
"1572","Nuits-Saint-Georges","Peñaflor","2"
"1573","Nuits-Saint-Georges","La Corregidora","1"
"1574","Nuits-Saint-Georges","Sevilla","3"
"1575","Nuits-Saint-Georges","huerta del río","1"
"1576","Nuits-Saint-Georges","Itálica","3"
"1577","Nuits-Saint-Georges","Huerta de Belén","1"
"1578","Nuits-Saint-Georges","Las Sesenta","1"
"1579","Nuits-Saint-Georges","Malpica Sur","1"
"1580","Nuits-Saint-Georges","Haza del Olivo","1"
"1581","Nuits-Saint-Georges","Dehesa de Arriba","1"
"1582","Nuits-Saint-Georges","Los Villares","1"
"1583","Nuits-Saint-Georges","La Graja","1"
"1584","Nuits-Saint-Georges","Doña Mencía","1"
"1585","Nuits-Saint-Georges","La Mallena","1"
"1586","Nuits-Saint-Georges","El Pinzón","1"
"1587","Nuits-Saint-Georges","La Estacada","1"
"1588","Narbonne","La Catria","10"
"1589","Narbonne","Arva","4"
"1590","Narbonne","Alcolea del Río","6"
"1591","Narbonne","Malpica","3"
"1592","Narbonne","Peñaflor","2"
"1593","Narbonne","Villar de Brenes","1"
"1594","Narbonne","Sevilla","3"
"1595","Narbonne","huerta del río","1"
"1596","Narbonne","Guadajoz","1"
"1597","Narbonne","Las Sesenta","1"
"1598","Narbonne","Villar Tesoro","1"
"1599","Narbonne","Mejía","1"
"1600","Narbonne","El Temple","1"
"1601","Narbonne","Juan Barba","1"
"1602","Narbonne","Adelfa","1"
"1603","Narbonne","Lora la Vieja","1"
"1604","Strasbourg","La Catria","6"
"1605","Strasbourg","Arva","3"
"1606","Strasbourg","Alcolea del Río","3"
"1607","Strasbourg","El Tejarillo","1"
"1608","Strasbourg","Las Delicias","3"
"1609","Strasbourg","Cerro de los Pesebres","2"
"1610","Strasbourg","Malpica","1"
"1611","Strasbourg","Azanaque-Castillejo","2"
"1612","Strasbourg","Peñaflor","3"
"1613","Strasbourg","Dehesilla","1"
"1614","Strasbourg","Alcotrista","1"
"1615","Strasbourg","Las Sesenta","2"
"1616","Strasbourg","Villar Tesoro","1"
"1617","Strasbourg","Malpica Sur","1"
"1618","Strasbourg","Mejía","1"
"1619","Strasbourg","La María","1"
"1620","Strasbourg","Álamo Alto","2"
"1621","Strasbourg","Doña Mencía","2"
"1622","Strasbourg","Casa de Mingaobez","2"
"1623","Strasbourg","Madueño","1"
"1624","Kastell Marienfels","La Catria","7"
"1625","Kastell Marienfels","Arva","5"
"1626","Kastell Marienfels","Alcolea del Río","3"
"1627","Kastell Marienfels","Cerro de los Pesebres","1"
"1628","Kastell Marienfels","Malpica","1"
"1629","Kastell Marienfels","Peñaflor","1"
"1630","Kastell Marienfels","Villar de Brenes","2"
"1631","Kastell Marienfels","Sevilla","2"
"1632","Kastell Marienfels","huerta del río","1"
"1633","Kastell Marienfels","Las Sesenta","5"
"1634","Kastell Marienfels","Villar Tesoro","1"
"1635","Kastell Marienfels","El Temple","1"
"1636","Kastell Marienfels","El Judío","1"
"1637","Kastell Marienfels","Haza del Olivo","1"
"1638","Kastell Marienfels","Álamo Alto","2"
"1639","Kastell Marienfels","La Umbría de Moratalla","1"
"1640","Kastell Marienfels","Casa del Encinarejo Bajo","1"
"1641","Kastell Marienfels","Casa de Mingaobez (Este)","1"
"1642","Kastell Marienfels","Casa de Mingaobez","1"
"1643","Kastell Marienfels","El Marchante","2"
"1644","Kastell Marienfels","Tierras del Judío","1"
"1645","Nida-Heddernheim","La Catria","9"
"1646","Nida-Heddernheim","Arva","6"
"1647","Nida-Heddernheim","Alcolea del Río","7"
"1648","Nida-Heddernheim","El Tejarillo","2"
"1649","Nida-Heddernheim","Azanaque-Castillejo","1"
"1650","Nida-Heddernheim","Villar de Brenes","2"
"1651","Nida-Heddernheim","Barranco del Picacho","1"
"1652","Nida-Heddernheim","Sevilla","2"
"1653","Nida-Heddernheim","huerta del río","1"
"1654","Nida-Heddernheim","Itálica","1"
"1655","Nida-Heddernheim","Alcotrista","1"
"1656","Nida-Heddernheim","Las Sesenta","2"
"1657","Nida-Heddernheim","Castillo de Azanaque","1"
"1658","Nida-Heddernheim","Las Ánimas","1"
"1659","Nida-Heddernheim","El Temple","1"
"1660","Nida-Heddernheim","Los Villares","1"
"1661","Nida-Heddernheim","Tierras del Judío","1"
"1662","Nida-Heddernheim","Azanaque-Catsillejo","1"
"1663","Wroxeter","La Catria","6"
"1664","Wroxeter","Arva","2"
"1665","Wroxeter","Alcolea del Río","3"
"1666","Wroxeter","El Tejarillo","1"
"1667","Wroxeter","Las Delicias","2"
"1668","Wroxeter","Malpica","5"
"1669","Wroxeter","Azanaque-Castillejo","2"
"1670","Wroxeter","Peñaflor","3"
"1671","Wroxeter","Barranco del Picacho","1"
"1672","Wroxeter","Sevilla","1"
"1673","Wroxeter","huerta del río","1"
"1674","Wroxeter","Itálica","3"
"1675","Wroxeter","Dehesilla","1"
"1676","Wroxeter","La Estrella","1"
"1677","Wroxeter","Las Sesenta","3"
"1678","Wroxeter","Castillo de Azanaque","1"
"1679","Wroxeter","Isla del Castillo","1"
"1680","Wroxeter","Las Ánimas","1"
"1681","Wroxeter","El Temple","1"
"1682","Wroxeter","La Graja","1"
"1683","Wroxeter","La Rambla y El Acebuchal","1"
"1684","Cirencester","La Catria","7"
"1685","Cirencester","Arva","6"
"1686","Cirencester","Alcolea del Río","4"
"1687","Cirencester","El Tejarillo","2"
"1688","Cirencester","Las Delicias","3"
"1689","Cirencester","Tostoneras","1"
"1690","Cirencester","Cerro de los Pesebres","1"
"1691","Cirencester","Malpica","1"
"1692","Cirencester","Peñaflor","2"
"1693","Cirencester","Villar de Brenes","1"
"1694","Cirencester","La Corregidora","1"
"1695","Cirencester","Barranco del Picacho","1"
"1696","Cirencester","Sevilla","1"
"1697","Cirencester","huerta del río","1"
"1698","Cirencester","Itálica","1"
"1699","Cirencester","Huerta de Belén","3"
"1700","Cirencester","Malpica Sur","1"
"1701","Cirencester","El Judío","1"
"1702","Cirencester","El Marchante","1"
"1703","Cirencester","La Mallena","1"
"1704","Cirencester","La Ramblilla","1"
"1705","Cirencester","La Rambla y El Acebuchal","1"
"1706","Amiens","La Catria","6"
"1707","Amiens","Arva","3"
"1708","Amiens","Alcolea del Río","4"
"1709","Amiens","El Tejarillo","2"
"1710","Amiens","Las Delicias","5"
"1711","Amiens","Tostoneras","3"
"1712","Amiens","Cerro de los Pesebres","1"
"1713","Amiens","Azanaque-Castillejo","1"
"1714","Amiens","Peñaflor","1"
"1715","Amiens","Villar de Brenes","1"
"1716","Amiens","Sevilla","1"
"1717","Amiens","huerta del río","1"
"1718","Amiens","Itálica","1"
"1719","Amiens","Huerta de Belén","1"
"1720","Amiens","Villar Tesoro","1"
"1721","Amiens","Malpica Sur","1"
"1722","Amiens","Castillo de Azanaque","1"
"1723","Amiens","Isla del Castillo","1"
"1724","Amiens","Mejía","1"
"1725","Amiens","Las Ánimas","1"
"1726","Amiens","El Judío","3"
"1727","Amiens","La Mallena","1"
"1728","Amiens","Tierras del Judío","1"
"1729","Amiens","El Mohino","1"
"1730","Alexandria","La Catria","10"
"1731","Alexandria","Arva","1"
"1732","Alexandria","Alcolea del Río","3"
"1733","Alexandria","El Tejarillo","2"
"1734","Alexandria","Las Delicias","2"
"1735","Alexandria","Cerro de los Pesebres","1"
"1736","Alexandria","Malpica","1"
"1737","Alexandria","Azanaque-Castillejo","1"
"1738","Alexandria","Peñaflor","1"
"1739","Alexandria","Villar de Brenes","1"
"1740","Alexandria","La Corregidora","1"
"1741","Alexandria","Barranco del Picacho","1"
"1742","Alexandria","Sevilla","2"
"1743","Alexandria","huerta del río","1"
"1744","Alexandria","Guadajoz","1"
"1745","Alexandria","Dehesilla","1"
"1746","Alexandria","Huerta de Belén","1"
"1747","Alexandria","Las Sesenta","1"
"1748","Alexandria","Villar Tesoro","1"
"1749","Alexandria","Malpica Sur","1"
"1750","Alexandria","Castillo de Azanaque","1"
"1751","Alexandria","Mejía","1"
"1752","Alexandria","El Rodriguillo","1"
"1753","Alexandria","El Judío","1"
"1754","Alexandria","Villaseca","1"
"1755","Alexandria","Juan Barba","1"
"1756","Alexandria","La Graja","1"
"1757","Alexandria","El Marchante","1"
"1758","Alexandria","Cruz Verde","2"
"1759","Ampurias","La Catria","4"
"1760","Ampurias","Arva","6"
"1761","Ampurias","Alcolea del Río","3"
"1762","Ampurias","El Tejarillo","4"
"1763","Ampurias","Tostoneras","1"
"1764","Ampurias","Azanaque-Castillejo","2"
"1765","Ampurias","Sevilla","1"
"1766","Ampurias","huerta del río","2"
"1767","Ampurias","Itálica","2"
"1768","Ampurias","Guadajoz","2"
"1769","Ampurias","Huerta de Belén","1"
"1770","Ampurias","Alcotrista","2"
"1771","Ampurias","Las Sesenta","1"
"1772","Ampurias","Isla del Castillo","1"
"1773","Ampurias","Las Ánimas","1"
"1774","Ampurias","El Judío","1"
"1775","Ampurias","Villaseca","1"
"1776","Ampurias","Dehesa de Arriba","2"
"1777","Ampurias","Juan Barba","1"
"1778","Ampurias","La Graja","1"
"1779","Ampurias","Doña Mencía","1"
"1780","Ampurias","Adelfa","1"
"1781","Ampurias","Lora la Vieja","1"
"1782","Ampurias","Tierras del Judío","1"
"1783","Ampurias","El Mohino","1"
"1784","Ampurias","La Estacada","1"
"1785","Ampurias","La Botica","1"
"1786","York","La Catria","5"
"1787","York","Arva","9"
"1788","York","Alcolea del Río","3"
"1789","York","El Tejarillo","3"
"1790","York","Las Delicias","2"
"1791","York","Tostoneras","3"
"1792","York","Malpica","1"
"1793","York","Villar de Brenes","1"
"1794","York","La Corregidora","1"
"1795","York","huerta del río","4"
"1796","York","Itálica","4"
"1797","York","Huerta de Belén","3"
"1798","York","Alcotrista","2"
"1799","York","Las Sesenta","2"
"1800","York","Malpica Sur","1"
"1801","York","Tarancón","1"
"1802","York","El Marchante","1"
"1803","Volubilis","La Catria","5"
"1804","Volubilis","Arva","9"
"1805","Volubilis","Alcolea del Río","3"
"1806","Volubilis","El Tejarillo","2"
"1807","Volubilis","Tostoneras","1"
"1808","Volubilis","Azanaque-Castillejo","3"
"1809","Volubilis","Villar de Brenes","12"
"1810","Volubilis","Sevilla","2"
"1811","Volubilis","huerta del río","3"
"1812","Volubilis","Itálica","3"
"1813","Volubilis","Dehesilla","1"
"1814","Volubilis","Huerta de Belén","1"
"1815","Volubilis","Las Valbuenas","1"
"1816","Volubilis","La Mallena","1"
"1817","Volubilis","El Mohino","1"
"1818","Volubilis","La Rambla y El Acebuchal","1"
"1819","Fréjus","La Catria","8"
"1820","Fréjus","Arva","11"
"1821","Fréjus","Alcolea del Río","3"
"1822","Fréjus","Las Delicias","6"
"1823","Fréjus","Malpica","2"
"1824","Fréjus","Azanaque-Castillejo","2"
"1825","Fréjus","Peñaflor","1"
"1826","Fréjus","Villar de Brenes","1"
"1827","Fréjus","Sevilla","4"
"1828","Fréjus","El Temple","2"
"1829","Fréjus","Dehesa de Arriba","1"
"1830","Fréjus","Juan Barba","1"
"1831","Fréjus","El Marchante","1"
"1832","Fréjus","Berro II","2"
"1833","Fréjus","Lora la Vieja","4"
"1834","Fréjus","Alcala del Río","1"
"1835","Avenches","La Catria","15"
"1836","Avenches","Arva","4"
"1837","Avenches","Alcolea del Río","2"
"1838","Avenches","Cerro de los Pesebres","2"
"1839","Avenches","Malpica","2"
"1840","Avenches","La Corregidora","3"
"1841","Avenches","Sevilla","1"
"1842","Avenches","huerta del río","4"
"1843","Avenches","Itálica","3"
"1844","Avenches","Guadajoz","1"
"1845","Avenches","Alcotrista","1"
"1846","Avenches","Las Sesenta","1"
"1847","Avenches","Villar Tesoro","1"
"1848","Avenches","Castillo de Azanaque","2"
"1849","Avenches","Mejía","1"
"1850","Avenches","El Judío","1"
"1851","Avenches","Tarancón","1"
"1852","Avenches","Casa del Encinarejo Bajo","1"
"1853","Avenches","Casa de Mingaobez","1"
"1854","Avenches","El Marchante","2"
"1855","Avenches","Lora la Vieja","1"
"1856","Avenches","Casa del Guarda o Llano","1"
"1857","Köln","La Catria","5"
"1858","Köln","Arva","4"
"1859","Köln","Alcolea del Río","7"
"1860","Köln","El Tejarillo","2"
"1861","Köln","Las Delicias","5"
"1862","Köln","Tostoneras","1"
"1863","Köln","Cerro de los Pesebres","3"
"1864","Köln","Malpica","3"
"1865","Köln","Azanaque-Castillejo","1"
"1866","Köln","Peñaflor","2"
"1867","Köln","Villar de Brenes","3"
"1868","Köln","Barranco del Picacho","1"
"1869","Köln","Sevilla","2"
"1870","Köln","Itálica","1"
"1871","Köln","Guadajoz","1"
"1872","Köln","Dehesilla","1"
"1873","Köln","Alcotrista","1"
"1874","Köln","Las Sesenta","2"
"1875","Köln","Malpica Sur","2"
"1876","Köln","Castillo de Azanaque","1"
"1877","Köln","Los Guerras","1"
"1878","Köln","El Judío","1"
"1879","Köln","Haza del Olivo","1"
"1880","Köln","Cortijo del Romero","1"
"1881","Köln","Casa del Encinarejo Bajo","1"
"1882","Köln","El Marchante","1"
"1883","Köln","Azanaque-Catsillejo","1"
"1884","Nijmegen","La Catria","16"
"1885","Nijmegen","Arva","3"
"1886","Nijmegen","Alcolea del Río","4"
"1887","Nijmegen","El Tejarillo","1"
"1888","Nijmegen","Las Delicias","1"
"1889","Nijmegen","Cerro de los Pesebres","1"
"1890","Nijmegen","Malpica","2"
"1891","Nijmegen","Azanaque-Castillejo","1"
"1892","Nijmegen","Peñaflor","1"
"1893","Nijmegen","Sevilla","4"
"1894","Nijmegen","huerta del río","1"
"1895","Nijmegen","Itálica","1"
"1896","Nijmegen","Guadajoz","2"
"1897","Nijmegen","Las Sesenta","3"
"1898","Nijmegen","El Temple","1"
"1899","Nijmegen","El Judío","2"
"1900","Nijmegen","Villaseca","1"
"1901","Nijmegen","Dehesa de Arriba","2"
"1902","Nijmegen","Juan Barba","1"
"1903","Nijmegen","La Umbría de Moratalla","1"
"1904","Nijmegen","Casa de Mingaobez (Este)","1"
"1905","Nijmegen","Adelfa","1"
"1906","Nijmegen","Casa de Mingaobez","1"
"1907","Nijmegen","Lora la Vieja","1"
"1908","Nijmegen","La Estacada","1"
"1909","Nijmegen","Casa del Guarda o Llano","1"
"1910","Chester","La Catria","7"
"1911","Chester","Arva","3"
"1912","Chester","Alcolea del Río","7"
"1913","Chester","El Tejarillo","3"
"1914","Chester","Las Delicias","4"
"1915","Chester","Tostoneras","1"
"1916","Chester","Cerro de los Pesebres","3"
"1917","Chester","Malpica","1"
"1918","Chester","huerta del río","2"
"1919","Chester","Itálica","2"
"1920","Chester","Alcotrista","1"
"1921","Chester","Las Sesenta","3"
"1922","Chester","Villar Tesoro","3"
"1923","Chester","Castillo de Azanaque","1"
"1924","Chester","Isla del Castillo","1"
"1925","Chester","Mejía","3"
"1926","Chester","Las Ánimas","1"
"1927","Chester","El Judío","1"
"1928","Chester","Tarancón","1"
"1929","Chester","Juan Barba","1"
"1930","Chester","La Graja","1"
"1931","Chester","Casa de Mingaobez","2"
"1932","Chester","El Marchante","1"
"1933","Chester","Casa del Guarda o Llano","1"
"1934","Chester","Cruz Verde","3"
"1935","Chester","Azanaque-Catsillejo","1"
"1936","Bardon Mill","La Catria","9"
"1937","Bardon Mill","Arva","8"
"1938","Bardon Mill","Alcolea del Río","6"
"1939","Bardon Mill","El Tejarillo","3"
"1940","Bardon Mill","Las Delicias","5"
"1941","Bardon Mill","Tostoneras","3"
"1942","Bardon Mill","Cerro de los Pesebres","2"
"1943","Bardon Mill","Peñaflor","2"
"1944","Bardon Mill","Sevilla","2"
"1945","Bardon Mill","huerta del río","3"
"1946","Bardon Mill","Itálica","2"
"1947","Bardon Mill","Alcotrista","1"
"1948","Bardon Mill","Las Sesenta","3"
"1949","Bardon Mill","Malpica Sur","1"
"1950","Bardon Mill","El Sotillo","1"
"1951","Bardon Mill","Haza del Olivo","1"
"1952","Bardon Mill","Villaseca","1"
"1953","Bardon Mill","Cortijo del Romero","1"
"1954","Bardon Mill","Casa de Mingaobez","1"
"1955","Bardon Mill","El Marchante","4"
"1956","Bardon Mill","Manuel Nieto","1"
"1957","Saint-Romain-en-Gal","La Catria","12"
"1958","Saint-Romain-en-Gal","Arva","4"
"1959","Saint-Romain-en-Gal","Las Delicias","3"
"1960","Saint-Romain-en-Gal","Cerro de los Pesebres","8"
"1961","Saint-Romain-en-Gal","Azanaque-Castillejo","1"
"1962","Saint-Romain-en-Gal","Peñaflor","5"
"1963","Saint-Romain-en-Gal","Sevilla","2"
"1964","Saint-Romain-en-Gal","huerta del río","1"
"1965","Saint-Romain-en-Gal","Huerta de Belén","1"
"1966","Saint-Romain-en-Gal","Los Guerras","1"
"1967","Saint-Romain-en-Gal","El Temple","15"
"1968","Saint-Romain-en-Gal","Haza del Olivo","1"
"1969","Saint-Romain-en-Gal","Dehesa de Arriba","1"
"1970","Saint-Romain-en-Gal","Cortijo del Romero","2"
"1971","Saint-Romain-en-Gal","Casa del Encinarejo Bajo","1"
"1972","Saint-Romain-en-Gal","El Marchante","1"
"1973","Saint-Romain-en-Gal","Berro II","1"
"1974","Saint-Romain-en-Gal","Lora la Vieja","2"
"1975","Saint-Romain-en-Gal","Madre Vieja II","1"
"1976","Banasa","La Catria","6"
"1977","Banasa","Arva","16"
"1978","Banasa","Alcolea del Río","1"
"1979","Banasa","El Tejarillo","2"
"1980","Banasa","Tostoneras","1"
"1981","Banasa","Malpica","2"
"1982","Banasa","Azanaque-Castillejo","5"
"1983","Banasa","Villar de Brenes","5"
"1984","Banasa","Barranco del Picacho","1"
"1985","Banasa","Sevilla","7"
"1986","Banasa","Itálica","1"
"1987","Banasa","Guadajoz","1"
"1988","Banasa","La Estrella","1"
"1989","Banasa","Huerta de Belén","4"
"1990","Banasa","Villar Tesoro","1"
"1991","Banasa","Castillo de Azanaque","1"
"1992","Banasa","Los Guerras","1"
"1993","Banasa","Haza del Olivo","4"
"1994","Banasa","La María","1"
"1995","Banasa","Cortijo del Romero","1"
"1996","Banasa","Los Villares","2"
"1997","Banasa","El Marchante","2"
"1998","Banasa","Berro II","1"
"1999","Banasa","El Mohino","2"
"2000","Carmona","Arva","4"
"2001","Carmona","Alcolea del Río","4"
"2002","Carmona","El Tejarillo","1"
"2003","Carmona","Tostoneras","1"
"2004","Carmona","Guadajoz","18"
"2005","Carmona","Villar Tesoro","6"
"2006","Carmona","Mejía","3"
"2007","Carmona","Juan Barba","18"
"2008","Carmona","Adelfa","18"
"2009","Écija","La Catria","3"
"2010","Écija","Arva","5"
"2011","Écija","Las Delicias","4"
"2012","Écija","Peñaflor","3"
"2013","Écija","Itálica","4"
"2014","Écija","Alcotrista","9"
"2015","Écija","Isla del Castillo","18"
"2016","Écija","Las Ánimas","18"
"2017","Écija","Haza del Olivo","3"
"2018","Écija","Tarancón","8"
"2019","Écija","Las Valbuenas","5"
"2020","Écija","Doña Mencía","3"
"2021","Edinburgh","La Catria","8"
"2022","Edinburgh","Arva","12"
"2023","Edinburgh","Alcolea del Río","12"
"2024","Edinburgh","El Tejarillo","8"
"2025","Edinburgh","Las Delicias","5"
"2026","Edinburgh","Tostoneras","7"
"2027","Edinburgh","Cerro de los Pesebres","3"
"2028","Edinburgh","Malpica","3"
"2029","Edinburgh","Azanaque-Castillejo","2"
"2030","Edinburgh","Peñaflor","1"
"2031","Edinburgh","Villar de Brenes","1"
"2032","Edinburgh","Barranco del Picacho","1"
"2033","Edinburgh","Sevilla","4"
"2034","Edinburgh","huerta del río","2"
"2035","Edinburgh","Itálica","4"
"2036","Edinburgh","Guadajoz","1"
"2037","Edinburgh","Dehesilla","1"
"2038","Edinburgh","La Estrella","1"
"2039","Edinburgh","Alcotrista","1"
"2040","Edinburgh","Las Sesenta","1"
"2041","Edinburgh","Haza del Olivo","1"
"2042","Edinburgh","Dehesa de Arriba","1"
"2043","Edinburgh","La María","2"
"2044","Edinburgh","Tarancón","1"
"2045","Edinburgh","Las Valbuenas","1"
"2046","Edinburgh","El Marchante","1"
"2047","Edinburgh","Berro II","1"
"2048","Edinburgh","La Rambla y El Acebuchal","1"
"2049","Niederbieber","La Catria","9"
"2050","Niederbieber","Arva","12"
"2051","Niederbieber","Alcolea del Río","13"
"2052","Niederbieber","El Tejarillo","9"
"2053","Niederbieber","Las Delicias","5"
"2054","Niederbieber","Tostoneras","4"
"2055","Niederbieber","Cerro de los Pesebres","2"
"2056","Niederbieber","Malpica","6"
"2057","Niederbieber","Azanaque-Castillejo","4"
"2058","Niederbieber","Peñaflor","3"
"2059","Niederbieber","huerta del río","1"
"2060","Niederbieber","Itálica","2"
"2061","Niederbieber","Guadajoz","2"
"2062","Niederbieber","Dehesilla","1"
"2063","Niederbieber","Las Sesenta","4"
"2064","Niederbieber","Malpica Sur","3"
"2065","Niederbieber","El Sotillo","1"
"2066","Niederbieber","Haza del Olivo","1"
"2067","Niederbieber","Dehesa de Arriba","1"
"2068","Niederbieber","La María","3"
"2069","Niederbieber","Las Valbuenas","1"
"2070","Niederbieber","Cortijo del Romero","2"
"2071","Niederbieber","La Graja","2"
"2072","Niederbieber","Doña Mencía","1"
"2073","Niederbieber","Las Monjas","1"
"2074","Niederbieber","Berro II","1"
"2075","Niederbieber","Madueño","2"
"2076","Colchester","La Catria","16"
"2077","Colchester","Arva","13"
"2078","Colchester","Alcolea del Río","13"
"2079","Colchester","El Tejarillo","7"
"2080","Colchester","Las Delicias","7"
"2081","Colchester","Tostoneras","6"
"2082","Colchester","Cerro de los Pesebres","1"
"2083","Colchester","Malpica","2"
"2084","Colchester","Azanaque-Castillejo","1"
"2085","Colchester","Peñaflor","4"
"2086","Colchester","Villar de Brenes","1"
"2087","Colchester","La Corregidora","1"
"2088","Colchester","Barranco del Picacho","1"
"2089","Colchester","Sevilla","3"
"2090","Colchester","Itálica","4"
"2091","Colchester","Guadajoz","2"
"2092","Colchester","Dehesilla","1"
"2093","Colchester","La Estrella","1"
"2094","Colchester","Las Sesenta","1"
"2095","Colchester","Castillo de Azanaque","1"
"2096","Colchester","El Judío","1"
"2097","Colchester","Haza del Olivo","1"
"2098","Colchester","Dehesa de Arriba","1"
"2099","Colchester","La María","1"
"2100","Colchester","Juan Barba","1"
"2101","Colchester","La Graja","1"
"2102","Colchester","Doña Mencía","1"
"2103","Colchester","Adelfa","1"
"2104","Colchester","Casa de Mingaobez","1"
"2105","Colchester","Berro II","2"
"2106","Colchester","Madueño","1"
"2107","Colchester","Lora la Vieja","1"
"2108","Colchester","Tierras del Judío","1"
"2109","Colchester","La Rambla y El Acebuchal","1"
"2110","Orlen","La Catria","8"
"2111","Orlen","Arva","9"
"2112","Orlen","Alcolea del Río","12"
"2113","Orlen","El Tejarillo","7"
"2114","Orlen","Las Delicias","7"
"2115","Orlen","Tostoneras","4"
"2116","Orlen","Cerro de los Pesebres","5"
"2117","Orlen","Malpica","5"
"2118","Orlen","Azanaque-Castillejo","5"
"2119","Orlen","Peñaflor","2"
"2120","Orlen","Villar de Brenes","3"
"2121","Orlen","Villacisneros","5"
"2122","Orlen","huerta del río","2"
"2123","Orlen","Itálica","2"
"2124","Orlen","Alcotrista","1"
"2125","Orlen","Las Sesenta","1"
"2126","Orlen","Malpica Sur","2"
"2127","Orlen","Castillo de Azanaque","4"
"2128","Orlen","Los Guerras","1"
"2129","Orlen","Las Ánimas","1"
"2130","Orlen","Haza del Olivo","5"
"2131","Orlen","Tarancón","1"
"2132","Orlen","Las Valbuenas","1"
"2133","Orlen","Cortijo del Romero","3"
"2134","Orlen","La Graja","2"
"2135","Orlen","Doña Mencía","1"
"2136","Orlen","Las Monjas","1"
"2137","Orlen","La Mallena","1"
"2138","Fuente Palmera","Barranco del Picacho","35"
"2139","Fuente Palmera","Dehesilla","38"
"2140","Fuente Palmera","La Estrella","29"
"2141","Corbridge","La Catria","11"
"2142","Corbridge","Arva","11"
"2143","Corbridge","Alcolea del Río","12"
"2144","Corbridge","El Tejarillo","5"
"2145","Corbridge","Las Delicias","6"
"2146","Corbridge","Tostoneras","1"
"2147","Corbridge","Cerro de los Pesebres","4"
"2148","Corbridge","Malpica","3"
"2149","Corbridge","Azanaque-Castillejo","3"
"2150","Corbridge","Peñaflor","2"
"2151","Corbridge","Villar de Brenes","9"
"2152","Corbridge","Villacisneros","1"
"2153","Corbridge","huerta del río","6"
"2154","Corbridge","Itálica","9"
"2155","Corbridge","Guadajoz","1"
"2156","Corbridge","Alcotrista","1"
"2157","Corbridge","Las Sesenta","1"
"2158","Corbridge","Villar Tesoro","1"
"2159","Corbridge","Malpica Sur","1"
"2160","Corbridge","Castillo de Azanaque","3"
"2161","Corbridge","Isla del Castillo","4"
"2162","Corbridge","Mejía","1"
"2163","Corbridge","Las Ánimas","4"
"2164","Corbridge","Haza del Olivo","1"
"2165","Corbridge","La María","1"
"2166","Corbridge","La Graja","1"
"2167","Corbridge","Doña Mencía","1"
"2168","Corbridge","Berro II","1"
"2169","Corbridge","Madueño","1"
"2170","Corbridge","Azanaque-Catsillejo","1"
"2171","Frankfurt am Main","La Catria","17"
"2172","Frankfurt am Main","Arva","12"
"2173","Frankfurt am Main","Alcolea del Río","11"
"2174","Frankfurt am Main","El Tejarillo","3"
"2175","Frankfurt am Main","Las Delicias","7"
"2176","Frankfurt am Main","Tostoneras","1"
"2177","Frankfurt am Main","Malpica","6"
"2178","Frankfurt am Main","Azanaque-Castillejo","6"
"2179","Frankfurt am Main","Peñaflor","3"
"2180","Frankfurt am Main","Villar de Brenes","1"
"2181","Frankfurt am Main","Barranco del Picacho","1"
"2182","Frankfurt am Main","Sevilla","1"
"2183","Frankfurt am Main","huerta del río","2"
"2184","Frankfurt am Main","Itálica","2"
"2185","Frankfurt am Main","Guadajoz","1"
"2186","Frankfurt am Main","Huerta de Belén","2"
"2187","Frankfurt am Main","Alcotrista","4"
"2188","Frankfurt am Main","Las Sesenta","3"
"2189","Frankfurt am Main","Villar Tesoro","3"
"2190","Frankfurt am Main","Malpica Sur","1"
"2191","Frankfurt am Main","Castillo de Azanaque","1"
"2192","Frankfurt am Main","Isla del Castillo","1"
"2193","Frankfurt am Main","Mejía","2"
"2194","Frankfurt am Main","Los Guerras","1"
"2195","Frankfurt am Main","Las Ánimas","1"
"2196","Frankfurt am Main","El Temple","3"
"2197","Frankfurt am Main","El Judío","1"
"2198","Frankfurt am Main","Haza del Olivo","1"
"2199","Frankfurt am Main","Villaseca","1"
"2200","Frankfurt am Main","La María","2"
"2201","Frankfurt am Main","Juan Barba","1"
"2202","Frankfurt am Main","Álamo Alto","1"
"2203","Frankfurt am Main","Cortijo del Romero","1"
"2204","Frankfurt am Main","La Umbría de Moratalla","1"
"2205","Frankfurt am Main","Casa del Encinarejo Bajo","1"
"2206","Frankfurt am Main","Doña Mencía","1"
"2207","Frankfurt am Main","Adelfa","1"
"2208","Frankfurt am Main","Casa de Mingaobez","2"
"2209","Frankfurt am Main","El Marchante","2"
"2210","Frankfurt am Main","Las Monjas","2"
"2211","Frankfurt am Main","Berro II","1"
"2212","Frankfurt am Main","La Mallena","1"
"2213","Frankfurt am Main","La Ramblilla","1"
"2214","Frankfurt am Main","Cruz Verde","1"
"2215","Vienne","La Catria","19"
"2216","Vienne","Arva","3"
"2217","Vienne","Alcolea del Río","3"
"2218","Vienne","El Tejarillo","1"
"2219","Vienne","Las Delicias","4"
"2220","Vienne","Cerro de los Pesebres","1"
"2221","Vienne","Malpica","1"
"2222","Vienne","Azanaque-Castillejo","1"
"2223","Vienne","Peñaflor","5"
"2224","Vienne","Villar de Brenes","1"
"2225","Vienne","Sevilla","21"
"2226","Vienne","huerta del río","13"
"2227","Vienne","Guadajoz","1"
"2228","Vienne","Huerta de Belén","1"
"2229","Vienne","Las Sesenta","3"
"2230","Vienne","El Sotillo","1"
"2231","Vienne","Los Guerras","1"
"2232","Vienne","El Temple","11"
"2233","Vienne","El Judío","1"
"2234","Vienne","Haza del Olivo","1"
"2235","Vienne","Villaseca","1"
"2236","Vienne","Tarancón","2"
"2237","Vienne","Las Valbuenas","2"
"2238","Vienne","Cortijo del Romero","1"
"2239","Vienne","Casa del Encinarejo Bajo","2"
"2240","Vienne","El Marchante","3"
"2241","Vienne","Lora la Vieja","1"
"2242","Vienne","La Ramblilla","3"
"2243","Vienne","La Rambla y El Acebuchal","9"
"2244","Vienne","Casa del Guarda o Llano","2"
"2245","Vienne","La Catria Alta","1"
"2246","Vienne","El Tesoro","1"
"2247","Vienne","Cerro de Arriza","1"
"2248","Vienne","Isla de la Jurada","1"
"2249","Augst","La Catria","13"
"2250","Augst","Arva","13"
"2251","Augst","Alcolea del Río","16"
"2252","Augst","El Tejarillo","4"
"2253","Augst","Las Delicias","13"
"2254","Augst","Tostoneras","4"
"2255","Augst","Cerro de los Pesebres","3"
"2256","Augst","Malpica","11"
"2257","Augst","Azanaque-Castillejo","8"
"2258","Augst","Peñaflor","1"
"2259","Augst","Villar de Brenes","2"
"2260","Augst","La Corregidora","2"
"2261","Augst","Barranco del Picacho","1"
"2262","Augst","Sevilla","6"
"2263","Augst","huerta del río","6"
"2264","Augst","Itálica","2"
"2265","Augst","Guadajoz","4"
"2266","Augst","Dehesilla","1"
"2267","Augst","La Estrella","1"
"2268","Augst","Huerta de Belén","1"
"2269","Augst","Las Sesenta","4"
"2270","Augst","Villar Tesoro","1"
"2271","Augst","Malpica Sur","3"
"2272","Augst","Isla del Castillo","1"
"2273","Augst","Los Guerras","1"
"2274","Augst","Las Ánimas","1"
"2275","Augst","El Temple","5"
"2276","Augst","Dehesa de Arriba","2"
"2277","Augst","La María","1"
"2278","Augst","Tarancón","2"
"2279","Augst","Juan Barba","2"
"2280","Augst","Las Valbuenas","1"
"2281","Augst","Álamo Alto","1"
"2282","Augst","Cortijo del Romero","1"
"2283","Augst","La Umbría de Moratalla","1"
"2284","Augst","Casa del Encinarejo Bajo","1"
"2285","Augst","Adelfa","2"
"2286","Augst","La Mallena","1"
"2287","Augst","Madueño","2"
"2288","Augst","Lora la Vieja","1"
"2289","Augst","La Ramblilla","1"
"2290","Augst","Tierras del Judío","1"
"2291","Augst","El Pinzón","1"
"2292","Augst","El Mohino","2"
"2293","Augst","La Estacada","3"
"2294","Augst","El Portillo","1"
"2295","Augst","La Catria Alta","1"
"2296","London","La Catria","23"
"2297","London","Arva","13"
"2298","London","Alcolea del Río","14"
"2299","London","El Tejarillo","3"
"2300","London","Las Delicias","4"
"2301","London","Tostoneras","3"
"2302","London","Cerro de los Pesebres","5"
"2303","London","Malpica","4"
"2304","London","Azanaque-Castillejo","5"
"2305","London","Peñaflor","7"
"2306","London","La Corregidora","2"
"2307","London","Sevilla","5"
"2308","London","huerta del río","5"
"2309","London","Itálica","9"
"2310","London","Guadajoz","2"
"2311","London","Huerta de Belén","1"
"2312","London","Alcotrista","3"
"2313","London","Las Sesenta","6"
"2314","London","Villar Tesoro","2"
"2315","London","Malpica Sur","2"
"2316","London","Castillo de Azanaque","3"
"2317","London","Isla del Castillo","2"
"2318","London","Mejía","2"
"2319","London","El Sotillo","1"
"2320","London","Los Guerras","1"
"2321","London","Las Ánimas","2"
"2322","London","El Temple","4"
"2323","London","Villaseca","3"
"2324","London","Dehesa de Arriba","1"
"2325","London","La María","1"
"2326","London","Tarancón","1"
"2327","London","Juan Barba","2"
"2328","London","Las Valbuenas","1"
"2329","London","La Umbría de Moratalla","1"
"2330","London","Casa de Mingaobez (Este)","1"
"2331","London","Adelfa","2"
"2332","London","Casa de Mingaobez","3"
"2333","London","El Marchante","2"
"2334","London","Berro II","1"
"2335","London","La Mallena","1"
"2336","London","Madueño","1"
"2337","London","Lora la Vieja","1"
"2338","London","Manuel Nieto","1"
"2339","London","Tierras del Judío","1"
"2340","London","El Mohino","1"
"2341","London","La Estacada","2"
"2342","London","La Rambla y El Acebuchal","1"
"2343","London","Casa del Guarda o Llano","2"
"2344","London","La Catria Alta","4"
"2345","London","Cruz Verde","2"
"2346","Lyon?","La Catria","28"
"2347","Lyon?","Arva","10"
"2348","Lyon?","Alcolea del Río","6"
"2349","Lyon?","El Tejarillo","1"
"2350","Lyon?","Las Delicias","1"
"2351","Lyon?","Cerro de los Pesebres","6"
"2352","Lyon?","Malpica","5"
"2353","Lyon?","Azanaque-Castillejo","10"
"2354","Lyon?","Peñaflor","14"
"2355","Lyon?","Villar de Brenes","1"
"2356","Lyon?","La Corregidora","1"
"2357","Lyon?","Barranco del Picacho","6"
"2358","Lyon?","Sevilla","10"
"2359","Lyon?","huerta del río","4"
"2360","Lyon?","Itálica","2"
"2361","Lyon?","Guadajoz","7"
"2362","Lyon?","Dehesilla","7"
"2363","Lyon?","La Estrella","7"
"2364","Lyon?","Alcotrista","1"
"2365","Lyon?","Las Sesenta","4"
"2366","Lyon?","Villar Tesoro","2"
"2367","Lyon?","Castillo de Azanaque","1"
"2368","Lyon?","Mejía","1"
"2369","Lyon?","El Sotillo","1"
"2370","Lyon?","El Temple","2"
"2371","Lyon?","El Judío","1"
"2372","Lyon?","Dehesa de Arriba","1"
"2373","Lyon?","La María","1"
"2374","Lyon?","Tarancón","1"
"2375","Lyon?","Juan Barba","2"
"2376","Lyon?","Las Valbuenas","2"
"2377","Lyon?","Álamo Alto","2"
"2378","Lyon?","Cortijo del Romero","1"
"2379","Lyon?","La Graja","2"
"2380","Lyon?","Casa del Encinarejo Bajo","1"
"2381","Lyon?","Adelfa","2"
"2382","Lyon?","Casa de Mingaobez","4"
"2383","Lyon?","Berro II","2"
"2384","Lyon?","La Mallena","4"
"2385","Lyon?","Madueño","1"
"2386","Lyon?","Lora la Vieja","1"
"2387","Lyon?","Tierras del Judío","1"
"2388","Lyon?","El Mohino","1"
"2389","Lyon?","La Estacada","1"
"2390","Lyon?","La Catria Alta","3"
"2391","Lyon?","Los Mochales","2"
"2392","Golfe de Fos","La Catria","26"
"2393","Golfe de Fos","Arva","10"
"2394","Golfe de Fos","Alcolea del Río","10"
"2395","Golfe de Fos","El Tejarillo","2"
"2396","Golfe de Fos","Las Delicias","10"
"2397","Golfe de Fos","Tostoneras","2"
"2398","Golfe de Fos","Cerro de los Pesebres","4"
"2399","Golfe de Fos","Malpica","6"
"2400","Golfe de Fos","Azanaque-Castillejo","1"
"2401","Golfe de Fos","Peñaflor","9"
"2402","Golfe de Fos","Villar de Brenes","2"
"2403","Golfe de Fos","Barranco del Picacho","3"
"2404","Golfe de Fos","Sevilla","15"
"2405","Golfe de Fos","huerta del río","10"
"2406","Golfe de Fos","Guadajoz","1"
"2407","Golfe de Fos","Dehesilla","3"
"2408","Golfe de Fos","La Estrella","2"
"2409","Golfe de Fos","Huerta de Belén","2"
"2410","Golfe de Fos","Las Sesenta","1"
"2411","Golfe de Fos","Villar Tesoro","2"
"2412","Golfe de Fos","Castillo de Azanaque","1"
"2413","Golfe de Fos","Mejía","2"
"2414","Golfe de Fos","El Temple","2"
"2415","Golfe de Fos","Dehesa de Arriba","2"
"2416","Golfe de Fos","La María","1"
"2417","Golfe de Fos","Tarancón","1"
"2418","Golfe de Fos","Juan Barba","1"
"2419","Golfe de Fos","Álamo Alto","1"
"2420","Golfe de Fos","Casa del Encinarejo Bajo","31"
"2421","Golfe de Fos","Adelfa","1"
"2422","Golfe de Fos","El Marchante","2"
"2423","Golfe de Fos","Berro II","1"
"2424","Golfe de Fos","Lora la Vieja","3"
"2425","Golfe de Fos","Manuel Nieto","1"
"2426","Golfe de Fos","La Estacada","1"
"2427","Golfe de Fos","La Rambla y El Acebuchal","1"
"2428","Golfe de Fos","La Catria Alta","5"
"2429","Golfe de Fos","Los Mochales","1"
"2430","Golfe de Fos","El Tesoro","1"
"2431","Hornachuelos","Cerro de los Pesebres","131"
"2432","Hornachuelos","Villacisneros","110"
"2433","Hornachuelos","El Temple","2"
"2434","Hornachuelos","Madueño","2"
"2435","Hornachuelos","Cortijo Nuevo","2"
"2436","Lora del Río","La Catria","98"
"2437","Lora del Río","Arva","6"
"2438","Lora del Río","El Tejarillo","2"
"2439","Lora del Río","Azanaque-Castillejo","17"
"2440","Lora del Río","Peñaflor","16"
"2441","Lora del Río","Villar de Brenes","6"
"2442","Lora del Río","huerta del río","1"
"2443","Lora del Río","Alcotrista","1"
"2444","Lora del Río","Castillo de Azanaque","32"
"2445","Lora del Río","Los Guerras","40"
"2446","Lora del Río","Haza del Olivo","14"
"2447","Lora del Río","La María","4"
"2448","Lora del Río","Álamo Alto","6"
"2449","Lora del Río","Doña Mencía","1"
"2450","Lora del Río","Berro II","4"
"2451","Lora del Río","La Mallena","6"
"2452","Lora del Río","Lora la Vieja","3"
"2453","Lora del Río","Manuel Nieto","2"
"2454","Lora del Río","Los Mochales","3"
"2455","Lora del Río","Azanaque-Catsillejo","2"
"2456","Mainz","La Catria","40"
"2457","Mainz","Arva","34"
"2458","Mainz","Alcolea del Río","29"
"2459","Mainz","El Tejarillo","13"
"2460","Mainz","Las Delicias","17"
"2461","Mainz","Tostoneras","11"
"2462","Mainz","Cerro de los Pesebres","6"
"2463","Mainz","Malpica","10"
"2464","Mainz","Azanaque-Castillejo","9"
"2465","Mainz","Peñaflor","15"
"2466","Mainz","Villar de Brenes","6"
"2467","Mainz","La Corregidora","5"
"2468","Mainz","Barranco del Picacho","1"
"2469","Mainz","Sevilla","7"
"2470","Mainz","huerta del río","5"
"2471","Mainz","Itálica","13"
"2472","Mainz","Guadajoz","2"
"2473","Mainz","Dehesilla","2"
"2474","Mainz","La Estrella","1"
"2475","Mainz","Huerta de Belén","2"
"2476","Mainz","Alcotrista","1"
"2477","Mainz","Las Sesenta","4"
"2478","Mainz","Villar Tesoro","2"
"2479","Mainz","Malpica Sur","3"
"2480","Mainz","Castillo de Azanaque","2"
"2481","Mainz","Isla del Castillo","5"
"2482","Mainz","Mejía","1"
"2483","Mainz","Los Guerras","1"
"2484","Mainz","Las Ánimas","5"
"2485","Mainz","El Temple","2"
"2486","Mainz","Haza del Olivo","1"
"2487","Mainz","Villaseca","1"
"2488","Mainz","Dehesa de Arriba","5"
"2489","Mainz","La María","2"
"2490","Mainz","Tarancón","1"
"2491","Mainz","Juan Barba","2"
"2492","Mainz","Las Valbuenas","3"
"2493","Mainz","Cortijo del Romero","1"
"2494","Mainz","Los Villares","1"
"2495","Mainz","Doña Mencía","2"
"2496","Mainz","Casa de Mingaobez","1"
"2497","Mainz","El Marchante","2"
"2498","Mainz","Las Monjas","1"
"2499","Mainz","Berro II","1"
"2500","Mainz","La Mallena","2"
"2501","Mainz","Madueño","1"
"2502","Mainz","Lora la Vieja","3"
"2503","Mainz","El Mohino","1"
"2504","Mainz","La Catria Alta","1"
"2505","Mainz","Cruz Verde","1"
"2506","Mainz","Madre Vieja II","1"
"2507","Ostia Antica","La Catria","25"
"2508","Ostia Antica","Arva","68"
"2509","Ostia Antica","Alcolea del Río","45"
"2510","Ostia Antica","El Tejarillo","52"
"2511","Ostia Antica","Las Delicias","18"
"2512","Ostia Antica","Tostoneras","38"
"2513","Ostia Antica","Cerro de los Pesebres","11"
"2514","Ostia Antica","Azanaque-Castillejo","7"
"2515","Ostia Antica","Peñaflor","4"
"2516","Ostia Antica","Villar de Brenes","1"
"2517","Ostia Antica","La Corregidora","14"
"2518","Ostia Antica","Barranco del Picacho","9"
"2519","Ostia Antica","Sevilla","2"
"2520","Ostia Antica","Villacisneros","10"
"2521","Ostia Antica","huerta del río","5"
"2522","Ostia Antica","Itálica","6"
"2523","Ostia Antica","Guadajoz","9"
"2524","Ostia Antica","Dehesilla","5"
"2525","Ostia Antica","La Estrella","2"
"2526","Ostia Antica","Huerta de Belén","3"
"2527","Ostia Antica","Alcotrista","4"
"2528","Ostia Antica","Las Sesenta","4"
"2529","Ostia Antica","Villar Tesoro","4"
"2530","Ostia Antica","Malpica Sur","3"
"2531","Ostia Antica","Castillo de Azanaque","5"
"2532","Ostia Antica","Isla del Castillo","2"
"2533","Ostia Antica","Mejía","3"
"2534","Ostia Antica","El Sotillo","8"
"2535","Ostia Antica","Los Guerras","7"
"2536","Ostia Antica","Las Ánimas","2"
"2537","Ostia Antica","El Rodriguillo","6"
"2538","Ostia Antica","El Temple","7"
"2539","Ostia Antica","El Judío","6"
"2540","Ostia Antica","Haza del Olivo","2"
"2541","Ostia Antica","Villaseca","5"
"2542","Ostia Antica","Dehesa de Arriba","1"
"2543","Ostia Antica","La María","2"
"2544","Ostia Antica","Juan Barba","1"
"2545","Ostia Antica","Álamo Alto","3"
"2546","Ostia Antica","La Umbría de Moratalla","4"
"2547","Ostia Antica","Los Villares","4"
"2548","Ostia Antica","La Graja","1"
"2549","Ostia Antica","Casa de Mingaobez (Este)","3"
"2550","Ostia Antica","Casa de Mingaobez","1"
"2551","Ostia Antica","El Marchante","1"
"2552","Ostia Antica","Las Monjas","6"
"2553","Ostia Antica","Madueño","3"
"2554","Ostia Antica","Manuel Nieto","1"
"2555","Ostia Antica","Cortijo de Paladés (Este) (Cortijo de Sotomayor)","2"
"2556","Ostia Antica","Cortijo de San José (Norte)","2"
"2557","Ostia Antica","Tierras del Judío","1"
"2558","Ostia Antica","El Pinzón","1"
"2559","Ostia Antica","La Estacada","3"
"2560","Ostia Antica","El Portillo","1"
"2561","Ostia Antica","Cerro de los Vuelos","1"
"2562","Alcolea del Río","La Catria","2"
"2563","Alcolea del Río","Arva","120"
"2564","Alcolea del Río","Alcolea del Río","120"
"2565","Alcolea del Río","El Tejarillo","126"
"2566","Alcolea del Río","Las Delicias","2"
"2567","Alcolea del Río","Tostoneras","90"
"2568","Alcolea del Río","Azanaque-Castillejo","3"
"2569","Alcolea del Río","Peñaflor","1"
"2570","Alcolea del Río","Huerta de Belén","1"
"2571","Alcolea del Río","Villar Tesoro","5"
"2572","Alcolea del Río","Mejía","1"
"2573","Alcolea del Río","Tarancón","1"
"2574","Alcolea del Río","Lora la Vieja","1"
"2575","Alcolea del Río","Azanaque-Catsillejo","2"
"2576","Roma","La Catria","524"
"2577","Roma","Arva","581"
"2578","Roma","Alcolea del Río","363"
"2579","Roma","El Tejarillo","357"
"2580","Roma","Las Delicias","201"
"2581","Roma","Tostoneras","216"
"2582","Roma","Cerro de los Pesebres","124"
"2583","Roma","Malpica","140"
"2584","Roma","Azanaque-Castillejo","140"
"2585","Roma","Peñaflor","83"
"2586","Roma","Villar de Brenes","108"
"2587","Roma","La Corregidora","193"
"2588","Roma","Barranco del Picacho","145"
"2589","Roma","Sevilla","15"
"2590","Roma","Villacisneros","79"
"2591","Roma","huerta del río","59"
"2592","Roma","Itálica","37"
"2593","Roma","Guadajoz","104"
"2594","Roma","Dehesilla","80"
"2595","Roma","La Estrella","89"
"2596","Roma","Huerta de Belén","88"
"2597","Roma","Alcotrista","75"
"2598","Roma","Las Sesenta","27"
"2599","Roma","Villar Tesoro","76"
"2600","Roma","Malpica Sur","70"
"2601","Roma","Castillo de Azanaque","50"
"2602","Roma","Isla del Castillo","62"
"2603","Roma","Mejía","75"
"2604","Roma","El Sotillo","82"
"2605","Roma","Los Guerras","48"
"2606","Roma","Las Ánimas","51"
"2607","Roma","El Rodriguillo","101"
"2608","Roma","El Temple","23"
"2609","Roma","El Judío","44"
"2610","Roma","Haza del Olivo","38"
"2611","Roma","Villaseca","67"
"2612","Roma","Dehesa de Arriba","50"
"2613","Roma","La María","42"
"2614","Roma","Tarancón","44"
"2615","Roma","Juan Barba","30"
"2616","Roma","Las Valbuenas","42"
"2617","Roma","Álamo Alto","45"
"2618","Roma","Cortijo del Romero","39"
"2619","Roma","La Umbría de Moratalla","51"
"2620","Roma","Los Villares","51"
"2621","Roma","La Graja","31"
"2622","Roma","Casa del Encinarejo Bajo","17"
"2623","Roma","Casa de Mingaobez (Este)","51"
"2624","Roma","Doña Mencía","40"
"2625","Roma","Adelfa","19"
"2626","Roma","Casa de Mingaobez","8"
"2627","Roma","El Marchante","4"
"2628","Roma","Las Monjas","32"
"2629","Roma","Berro II","17"
"2630","Roma","La Mallena","13"
"2631","Roma","Madueño","13"
"2632","Roma","Lora la Vieja","6"
"2633","Roma","Manuel Nieto","26"
"2634","Roma","Cortijo de Paladés (Este) (Cortijo de Sotomayor)","32"
"2635","Roma","Cortijo de San José (Norte)","32"
"2636","Roma","La Ramblilla","23"
"2637","Roma","Tierras del Judío","13"
"2638","Roma","El Pinzón","17"
"2639","Roma","El Mohino","4"
"2640","Roma","La Estacada","3"
"2641","Roma","La Rambla y El Acebuchal","5"
"2642","Roma","Casa del Guarda o Llano","8"
"2643","Roma","El Portillo","15"
"2644","Roma","Cruz Verde","5"
"2645","Roma","Cortijo Nuevo","8"
"2646","Roma","Guadiato","2"
"2647","Roma","Cerro de los Vuelos","9"
"2648","Roma","Los Mochales","2"
"2649","Roma","Azanaque-Catsillejo","1"
"2650","Roma","Casablanca Oeste","9"
"2651","Roma","La Botica","5"
"2652","Roma","Madre Vieja II","1"
"2653","Roma","Castillo de Almodóvar","2"
